total_loan,year_of_loan,interest,monthly_payment,class,employer_type,industry,work_year,house_exist,censor_status,issue_date,use,post_code,region,debt_loan_ratio,del_in_18month,scoring_low,scoring_high,known_outstanding_loan,known_dero,pub_dero_bankrup,recircle_b,recircle_u,initial_list_status,app_type,earlies_credit_mon,title,f0,f1,f2,f3,f4,early_return,early_return_amount,early_return_amount_3mon
4,3,2,5,1,3,10,10,1,1,5,0,99,8,0,0,0,0,10,2,1.0,0,5,0,0,12,0,9.0,0.0,5.0,12.0,5.0,0,0,0
2,3,1,2,1,5,8,10,0,1,6,0,356,32,3,0,2,3,7,1,1.0,0,1,0,0,11,0,4.0,0.0,6.0,10.0,5.0,2,0,0
1,3,0,1,0,4,0,6,0,0,3,4,778,2,3,0,0,1,7,0,0.0,0,3,1,0,10,0,3.0,0.0,5.0,10.0,6.0,0,0,0
1,3,3,1,3,0,10,10,1,1,4,0,51,13,3,0,0,1,8,0,0.0,9,7,1,0,11,0,6.0,0.0,1.0,13.0,8.0,2,0,0
2,3,1,3,1,3,0,4,1,0,4,0,62,13,4,0,2,1,19,0,0.0,0,3,1,0,5,0,7.0,0.0,31.0,19.0,6.0,3,3,0
2,3,2,3,2,3,8,10,1,2,5,0,353,30,3,0,0,0,7,1,0.0,0,4,0,0,6,0,3.0,0.0,4.0,5.0,3.0,2,0,0
1,3,2,1,3,1,13,8,2,1,4,0,641,13,4,0,2,3,13,0,0.0,0,1,0,0,1,0,4.0,0.0,6.0,14.0,7.0,0,0,0
1,3,1,1,1,3,9,10,0,0,5,0,190,17,0,0,2,2,3,0,0.0,0,2,1,0,11,0,2.0,0.0,6.0,8.0,3.0,0,1,0
3,5,8,3,5,3,12,10,0,2,5,0,92,18,4,1,1,2,16,0,0.0,0,5,0,0,7,0,14.0,0.0,4.0,17.0,8.0,1,0,0
0,3,2,1,2,3,4,4,0,0,3,0,33,22,3,2,2,3,14,0,0.0,0,3,0,0,6,0,4.0,0.0,7.0,15.0,7.0,0,0,0
3,5,4,3,4,3,0,10,0,1,3,0,790,41,5,0,4,5,11,0,0.0,0,6,0,0,2,0,8.0,0.0,3.0,19.0,9.0,0,1,0
1,3,3,1,3,3,3,5,1,2,4,0,72,10,2,0,3,3,8,3,0.0,0,5,1,0,4,0,3.0,0.0,27.0,13.0,9.0,3,0,0
4,3,3,5,2,1,7,7,1,2,3,4,157,8,4,0,2,1,7,0,0.0,0,8,1,0,5,2,5.0,0.0,1.0,9.0,5.0,3,3,4
1,3,0,2,0,1,4,10,0,0,4,4,62,13,2,2,0,1,12,0,0.0,0,7,0,0,7,0,5.0,0.0,10.0,17.0,12.0,3,0,0
4,5,3,4,3,4,11,1,0,1,3,4,268,8,3,0,3,3,15,0,0.0,0,6,0,0,5,0,11.0,0.0,7.0,16.0,4.0,0,0,0
0,3,1,0,1,3,4,10,0,0,5,0,448,24,0,0,0,0,9,0,0.0,0,1,0,0,4,0,4.0,0.0,3.0,11.0,6.0,0,0,0
4,3,2,6,2,1,6,6,0,0,5,0,502,7,3,1,0,0,21,0,0.0,0,6,1,0,5,0,13.0,0.0,13.0,20.0,7.0,3,2,2
2,3,2,2,1,1,4,5,1,0,2,0,655,8,5,0,4,4,12,0,0.0,0,8,1,0,2,0,10.0,0.0,4.0,20.0,16.0,3,2,1
0,3,2,0,2,3,9,10,1,1,4,3,590,8,1,0,2,2,9,0,0.0,0,4,1,0,5,0,5.0,0.0,5.0,16.0,7.0,2,0,0
1,3,0,1,0,3,11,1,0,0,6,0,8,6,1,0,0,1,13,1,1.0,0,0,1,0,4,0,3.0,0.0,4.0,32.0,23.0,3,0,0
1,3,3,1,3,3,1,10,0,2,3,0,47,17,5,0,3,5,8,0,0.0,0,7,0,0,2,3,2.0,0.0,14.0,10.0,6.0,0,0,0
2,3,2,2,2,3,6,10,0,1,6,0,194,38,2,0,1,2,8,3,3.0,0,2,0,0,2,0,4.0,0.0,2.0,8.0,7.0,0,2,1
0,3,1,1,2,1,3,2,1,1,5,5,565,14,3,0,4,5,7,0,0.0,0,2,0,0,8,0,3.0,0.0,15.0,11.0,7.0,0,0,0
2,5,3,1,2,3,5,4,1,1,3,0,134,8,3,1,1,2,11,0,0.0,0,5,1,0,4,0,8.0,0.0,6.0,17.0,7.0,0,0,0
1,3,4,1,5,2,4,9,1,2,4,1,386,19,0,0,2,2,5,0,0.0,0,2,1,0,9,0,1.0,0.0,0.0,8.0,6.0,0,0,0
3,3,2,3,1,1,9,5,0,1,3,0,149,22,2,0,0,1,7,0,0.0,0,4,1,0,8,0,4.0,0.0,8.0,5.0,4.0,3,2,1
2,3,3,3,3,0,12,7,0,2,3,5,234,42,3,0,3,4,18,0,0.0,0,7,0,0,4,0,10.0,0.0,16.0,15.0,8.0,3,2,3
2,3,0,2,0,0,7,6,0,0,5,4,199,24,4,0,3,2,14,0,0.0,0,2,0,0,12,0,5.0,0.0,7.0,12.0,3.0,0,0,0
7,3,0,7,0,3,4,10,1,1,4,4,481,0,1,0,4,5,29,3,0.0,1,3,0,0,1,0,17.0,0.0,3.0,44.0,18.0,0,0,0
1,3,2,2,1,3,6,10,0,1,4,4,143,8,2,2,4,3,19,0,0.0,0,2,0,0,10,0,7.0,0.0,4.0,29.0,16.0,2,1,0
5,3,3,6,2,3,9,7,0,1,6,2,129,30,1,0,4,4,5,0,0.0,0,2,0,0,11,0,2.0,0.0,8.0,5.0,5.0,0,0,0
0,3,3,0,3,2,6,5,1,0,4,5,63,14,2,0,3,4,5,0,0.0,0,6,1,0,4,0,4.0,0.0,5.0,6.0,3.0,3,0,1
3,5,4,2,2,0,3,9,0,2,3,4,195,38,3,0,3,3,10,0,0.0,0,6,1,0,10,0,3.0,0.0,2.0,9.0,7.0,0,0,0
3,3,1,4,1,3,0,10,0,0,4,0,173,32,2,0,1,2,10,1,1.0,0,5,1,0,7,0,6.0,0.0,11.0,20.0,12.0,1,4,0
3,5,2,3,2,3,3,6,0,2,2,4,172,13,1,0,1,3,11,0,0.0,0,6,1,0,1,0,5.0,0.0,5.0,12.0,10.0,3,1,0
4,5,3,4,4,1,4,1,1,2,3,0,99,8,3,0,2,2,13,1,1.0,0,4,0,0,9,0,9.0,0.0,10.0,31.0,19.0,0,0,0
2,3,4,3,3,1,8,0,1,0,3,4,741,13,3,0,2,4,24,0,0.0,0,4,1,0,7,0,5.0,0.0,40.0,9.0,4.0,0,0,0
1,3,2,1,1,3,11,1,1,0,3,0,321,1,2,0,2,3,7,0,0.0,0,4,1,0,12,0,4.0,0.0,2.0,6.0,5.0,0,0,0
8,3,0,7,0,5,13,4,0,2,4,4,74,30,3,0,4,5,14,0,0.0,1,4,1,0,7,0,8.0,0.0,9.0,14.0,8.0,3,3,5
2,3,1,2,1,3,10,5,1,2,5,0,9,7,3,0,4,5,37,0,0.0,0,3,0,0,8,0,7.0,0.0,60.0,15.0,4.0,3,2,1
6,3,0,6,0,3,0,4,0,2,6,2,499,13,2,0,3,2,10,0,0.0,2,6,0,0,7,0,6.0,0.0,6.0,15.0,9.0,1,4,2
1,3,1,1,2,2,4,10,0,2,4,0,235,8,5,1,2,2,11,0,0.0,0,3,0,0,11,0,7.0,0.0,3.0,17.0,10.0,3,1,0
3,3,3,3,2,5,4,2,0,2,2,0,0,0,6,0,3,5,22,0,0.0,0,4,1,0,12,0,11.0,0.0,10.0,44.0,20.0,3,2,1
0,3,0,0,0,3,6,0,1,1,6,4,277,8,0,0,3,2,3,0,0.0,0,4,0,0,2,0,3.0,0.0,2.0,4.0,3.0,0,0,0
2,3,2,2,2,3,4,3,1,1,5,0,186,9,4,0,4,4,15,0,0.0,0,0,0,0,2,0,7.0,0.0,13.0,13.0,8.0,0,0,0
1,3,3,2,3,3,11,1,1,1,3,5,74,30,2,0,0,2,16,0,0.0,1,5,1,0,3,0,10.0,0.0,6.0,26.0,10.0,0,0,0
4,5,2,2,2,3,2,1,0,1,6,0,593,38,4,0,4,3,8,0,0.0,0,0,0,0,3,0,2.0,0.0,8.0,10.0,5.0,4,2,2
3,5,7,3,5,5,8,2,1,1,4,6,45,21,1,0,5,6,3,0,0.0,0,7,1,0,3,0,2.0,0.0,2.0,3.0,2.0,2,2,1
0,3,5,1,4,3,0,2,1,1,6,7,431,20,4,1,1,2,10,0,0.0,0,3,1,1,2,0,6.0,0.0,4.0,11.0,4.0,0,0,0
1,3,0,2,0,3,10,0,1,0,5,4,160,4,4,0,3,4,9,0,0.0,0,2,0,0,11,0,4.0,0.0,15.0,13.0,13.0,1,0,0
1,3,3,1,2,4,9,6,0,1,4,0,226,21,4,0,2,3,16,0,0.0,0,5,1,0,6,0,12.0,0.0,0.0,18.0,10.0,0,0,0
4,3,1,6,1,3,0,10,2,1,5,0,65,19,3,1,3,4,27,0,0.0,0,5,0,0,1,0,14.0,0.0,28.0,25.0,12.0,3,8,3
1,3,2,2,2,4,4,7,0,2,3,0,310,24,0,0,3,4,5,1,1.0,0,2,1,0,12,0,4.0,0.0,1.0,11.0,8.0,2,0,0
2,3,2,2,2,0,7,9,0,1,4,0,574,26,2,0,0,0,6,1,0.0,0,7,1,0,11,0,4.0,0.0,3.0,5.0,3.0,0,0,0
0,5,4,0,3,3,9,10,2,1,3,5,53,19,1,0,5,6,6,0,0.0,0,3,1,0,5,0,2.0,0.0,3.0,6.0,3.0,5,0,0
3,3,1,3,1,3,4,8,0,1,3,0,420,4,3,0,0,0,16,0,0.0,0,5,1,0,10,0,5.0,0.0,5.0,25.0,13.0,3,3,0
2,3,2,2,2,3,11,5,2,2,3,0,408,14,4,0,0,0,9,1,1.0,0,4,0,0,8,0,3.0,0.0,24.0,9.0,6.0,1,2,0
3,3,1,4,1,1,1,5,1,1,6,5,526,20,2,0,0,2,10,0,0.0,0,1,0,0,8,0,4.0,0.0,3.0,8.0,4.0,0,1,0
0,3,3,0,2,0,9,3,2,0,3,5,191,5,4,0,2,2,11,1,1.0,0,0,0,0,3,2,0.0,0.0,5.0,15.0,8.0,0,0,0
3,3,0,4,0,2,5,10,2,2,3,0,360,0,1,0,1,1,25,0,0.0,0,1,1,0,3,2,10.0,0.0,13.0,46.0,20.0,0,0,0
3,5,1,3,1,2,5,0,0,1,2,2,48,10,2,1,1,1,13,0,0.0,0,0,1,0,4,0,5.0,0.0,5.0,21.0,11.0,3,5,4
1,3,2,1,2,2,11,10,2,1,6,6,648,13,3,0,3,3,11,0,0.0,1,6,0,0,8,0,6.0,0.0,4.0,11.0,8.0,2,0,0
5,3,1,6,1,2,9,5,0,2,3,0,62,13,1,0,2,2,14,0,0.0,0,4,1,0,5,0,8.0,0.0,4.0,19.0,15.0,0,3,0
3,3,1,4,0,2,10,10,0,2,3,4,359,43,4,0,5,5,14,0,0.0,0,5,0,0,5,0,4.0,0.0,20.0,21.0,17.0,3,4,0
3,3,3,4,2,1,5,10,0,1,5,0,104,23,2,0,1,1,11,0,0.0,0,5,1,0,4,0,7.0,0.0,7.0,9.0,7.0,3,3,3
5,5,3,4,4,0,12,10,1,2,4,0,275,8,4,0,1,1,13,0,0.0,0,8,0,0,8,0,10.0,0.0,9.0,23.0,11.0,0,0,0
4,5,3,4,2,3,0,0,0,1,5,0,218,0,2,0,1,2,13,0,0.0,0,6,0,0,11,0,6.0,0.0,1.0,15.0,7.0,2,4,5
3,3,3,5,2,1,11,10,0,1,3,1,677,13,3,2,0,0,11,0,0.0,0,6,1,0,9,0,7.0,0.0,8.0,20.0,12.0,1,0,0
4,5,2,4,2,3,7,8,2,2,1,2,111,8,0,0,5,5,10,0,0.0,0,0,1,0,8,1,5.0,0.0,6.0,9.0,5.0,0,0,0
4,3,0,4,0,1,9,4,0,1,3,0,48,10,0,0,5,6,13,0,0.0,0,1,0,0,9,0,6.0,0.0,5.0,13.0,8.0,0,0,0
1,5,3,1,2,1,11,0,0,1,5,0,335,8,1,1,2,2,10,0,0.0,0,3,0,0,10,0,3.0,0.0,5.0,10.0,6.0,4,0,0
3,3,1,3,1,3,4,10,1,0,4,4,489,30,0,0,3,4,5,0,0.0,0,6,0,0,5,0,4.0,0.0,4.0,10.0,10.0,2,2,2
2,3,4,3,4,3,6,10,0,0,3,0,337,14,3,0,1,1,21,0,0.0,0,3,0,0,2,0,12.0,0.0,7.0,28.0,13.0,3,1,0
0,3,5,1,3,3,9,10,0,0,5,0,424,24,2,0,3,3,21,0,0.0,1,6,1,0,10,0,14.0,0.0,3.0,28.0,12.0,0,0,0
3,3,0,2,0,1,4,10,0,0,4,2,230,2,1,0,3,4,12,0,0.0,0,4,0,0,10,0,6.0,0.0,4.0,12.0,4.0,3,2,2
2,3,1,1,1,3,4,10,0,1,4,4,25,13,2,0,1,1,8,1,1.0,0,2,0,0,9,0,3.0,0.0,13.0,20.0,16.0,0,0,0
3,5,1,2,1,3,2,10,0,1,6,2,560,44,1,0,1,1,10,0,0.0,0,0,0,0,8,0,5.0,0.0,15.0,7.0,6.0,4,3,0
4,3,2,6,2,1,10,0,0,1,4,1,166,8,2,1,2,3,7,0,0.0,1,8,0,0,10,0,6.0,0.0,1.0,8.0,6.0,0,0,0
1,3,2,2,2,2,0,10,0,0,4,0,669,24,1,0,3,3,6,1,1.0,0,8,0,0,2,0,3.0,0.0,11.0,11.0,6.0,0,0,0
5,3,3,6,3,1,4,3,0,2,4,0,304,8,2,0,0,1,13,0,0.0,0,5,0,0,5,0,9.0,0.0,7.0,37.0,20.0,0,3,1
0,3,1,0,1,0,7,10,1,2,5,4,111,8,4,0,1,2,10,0,0.0,0,5,0,0,3,0,7.0,0.0,12.0,10.0,7.0,0,0,0
1,3,2,1,1,3,0,0,2,0,2,1,17,13,3,0,1,1,17,0,0.0,0,7,1,0,10,0,5.0,0.0,6.0,9.0,5.0,0,0,0
1,3,0,1,0,3,4,10,0,0,5,4,97,12,5,1,2,2,9,0,0.0,0,2,0,0,11,0,2.0,0.0,31.0,10.0,8.0,3,0,0
2,3,2,2,2,1,4,0,1,1,4,0,397,35,4,0,3,3,5,0,0.0,0,2,1,0,6,0,3.0,0.0,1.0,4.0,2.0,3,1,1
1,3,2,1,2,3,13,10,0,0,3,0,116,14,6,0,0,0,11,0,0.0,0,2,0,0,9,0,3.0,0.0,7.0,6.0,5.0,0,0,0
0,3,3,1,2,4,11,2,1,0,4,5,697,39,1,0,3,3,7,2,2.0,0,2,1,0,6,0,6.0,0.0,2.0,20.0,6.0,1,0,0
1,3,2,1,2,3,13,5,1,2,4,5,805,14,1,0,2,1,5,0,0.0,0,5,0,0,4,0,4.0,0.0,0.0,6.0,4.0,0,0,0
5,3,2,5,1,3,9,5,0,2,3,0,337,14,2,0,3,3,10,0,0.0,0,5,1,0,6,0,4.0,0.0,17.0,14.0,8.0,3,4,2
0,3,2,1,2,1,2,2,1,1,4,0,176,3,5,0,2,2,20,0,0.0,0,3,0,0,4,0,3.0,0.0,23.0,7.0,4.0,0,0,0
0,3,2,0,2,0,2,10,0,1,3,0,91,7,4,0,0,0,7,0,0.0,0,3,1,0,8,0,2.0,0.0,20.0,33.0,11.0,3,0,0
6,5,2,4,2,3,4,8,0,0,4,0,195,38,4,0,3,3,10,0,0.0,0,5,0,0,8,0,5.0,0.0,4.0,10.0,8.0,2,2,0
0,3,0,0,0,3,11,3,0,0,1,0,555,37,4,0,2,2,9,1,1.0,0,1,1,0,7,0,5.0,0.0,6.0,9.0,5.0,2,0,0
1,5,3,1,2,3,8,10,1,1,3,0,550,8,3,0,1,1,15,0,0.0,0,7,1,0,4,0,8.0,0.0,5.0,23.0,8.0,0,0,0
3,3,4,4,4,0,4,4,1,2,4,0,141,13,5,0,0,1,32,0,0.0,0,7,1,0,2,0,15.0,0.0,25.0,21.0,7.0,0,0,0
3,5,3,2,4,5,11,2,1,1,4,0,74,30,3,0,3,3,8,0,0.0,0,7,0,0,12,0,5.0,0.0,3.0,7.0,5.0,0,0,0
1,3,3,1,2,3,4,7,0,0,4,0,4,3,2,1,2,2,7,1,1.0,0,6,1,0,2,0,5.0,0.0,4.0,9.0,4.0,0,0,0
6,5,3,4,2,4,11,7,2,0,5,2,1,1,0,2,3,4,10,1,0.0,0,1,0,0,7,0,8.0,0.0,4.0,16.0,13.0,1,3,3
5,5,5,4,4,3,9,10,1,2,4,0,62,13,4,0,1,1,24,0,0.0,0,3,1,0,8,0,15.0,0.0,15.0,31.0,23.0,0,0,0
3,3,2,3,2,1,1,10,1,0,5,0,190,17,7,0,4,4,10,1,1.0,0,2,1,0,1,0,5.0,0.0,17.0,9.0,5.0,0,0,0
3,3,0,3,0,4,0,10,2,1,4,2,220,20,3,0,4,4,13,0,0.0,0,2,0,0,10,0,3.0,0.0,8.0,24.0,12.0,0,3,3
1,3,3,2,2,1,7,10,0,0,3,0,438,9,2,1,0,0,9,0,0.0,0,6,1,0,12,0,5.0,0.0,10.0,24.0,8.0,0,0,0
3,5,4,2,3,3,4,0,1,1,3,4,29,19,3,0,4,4,19,0,0.0,0,7,0,0,8,0,5.0,0.0,26.0,14.0,4.0,2,0,0
2,3,0,3,0,1,12,10,0,0,6,0,112,23,2,0,5,6,16,0,0.0,0,0,0,0,1,0,6.0,0.0,7.0,17.0,14.0,1,1,0
1,3,2,1,2,1,10,10,0,0,5,2,517,14,1,0,1,2,18,1,1.0,0,3,0,0,12,0,8.0,0.0,5.0,25.0,11.0,0,0,0
4,5,5,3,4,3,4,1,2,1,3,0,370,13,4,0,2,2,11,2,1.0,0,5,1,0,11,3,7.0,0.0,6.0,22.0,13.0,0,0,0
4,3,2,4,1,0,12,0,0,1,3,0,257,24,4,0,1,2,14,0,0.0,0,3,1,0,4,0,3.0,0.0,9.0,16.0,6.0,3,2,3
2,3,1,2,1,4,5,10,0,0,4,0,184,26,2,0,1,2,18,0,0.0,0,2,0,0,11,0,4.0,0.0,0.0,35.0,22.0,0,0,0
2,3,1,2,1,1,3,10,0,1,4,2,328,3,4,0,3,4,17,0,0.0,0,2,1,0,5,0,7.0,0.0,7.0,19.0,14.0,3,2,3
0,3,4,1,3,0,1,8,0,1,3,9,195,38,1,0,1,2,5,1,1.0,0,0,1,0,7,0,1.0,0.0,3.0,5.0,4.0,0,0,0
1,3,2,0,2,3,6,2,1,2,4,5,261,8,3,1,0,0,11,0,0.0,0,6,0,0,7,0,3.0,0.0,9.0,7.0,4.0,0,0,0
0,3,1,0,1,2,9,10,1,2,5,5,484,21,2,0,2,3,13,0,0.0,0,0,0,0,9,0,2.0,0.0,17.0,11.0,8.0,0,0,0
1,3,2,2,2,3,11,8,2,0,3,0,98,19,2,4,3,4,9,1,0.0,0,2,0,0,8,0,3.0,0.0,2.0,16.0,13.0,3,1,1
3,5,2,2,1,3,2,10,0,1,3,0,204,24,2,0,3,3,16,0,0.0,0,4,1,0,8,2,8.0,0.0,3.0,23.0,11.0,4,0,1
5,3,4,6,3,3,11,10,1,1,4,5,406,8,4,0,1,2,15,0,0.0,0,8,0,0,4,0,11.0,0.0,6.0,15.0,10.0,0,0,0
4,3,1,4,0,4,0,3,0,2,3,0,355,18,3,0,3,3,9,0,0.0,0,5,1,0,9,0,5.0,0.0,11.0,7.0,5.0,3,1,0
0,3,4,1,3,1,0,1,1,0,2,0,134,8,3,0,2,2,14,0,0.0,0,5,0,0,4,0,10.0,0.0,6.0,22.0,11.0,2,1,0
3,5,6,4,5,3,10,4,2,1,4,0,236,7,1,1,2,2,5,0,0.0,0,8,0,0,7,0,2.0,0.0,7.0,13.0,10.0,0,0,0
2,3,1,2,1,1,9,8,0,1,4,0,121,14,1,0,4,4,13,0,0.0,0,4,0,1,3,0,6.0,0.0,14.0,11.0,7.0,3,0,0
1,3,3,2,4,3,9,9,0,2,4,0,121,14,1,1,3,4,6,0,0.0,0,2,1,0,6,0,2.0,0.0,7.0,6.0,3.0,0,0,0
0,3,1,0,1,1,0,10,0,1,4,8,74,30,1,3,2,3,8,0,0.0,0,1,0,0,4,0,5.0,0.0,1.0,13.0,7.0,0,0,0
3,5,4,2,4,1,3,1,2,0,3,4,360,0,4,0,0,0,9,0,0.0,1,6,0,0,3,0,7.0,0.0,2.0,10.0,10.0,0,0,0
3,3,1,4,1,3,13,1,1,1,4,0,81,15,2,0,2,3,8,0,0.0,0,4,1,0,7,0,5.0,0.0,2.0,16.0,7.0,2,3,0
1,3,0,2,0,3,0,4,0,0,4,4,48,10,3,0,2,2,8,0,0.0,0,5,0,0,6,0,3.0,0.0,2.0,13.0,10.0,0,0,0
3,5,2,3,1,5,11,6,0,1,3,0,641,13,2,0,5,6,18,0,0.0,0,4,1,0,12,0,5.0,0.0,19.0,12.0,6.0,0,0,0
4,5,6,4,5,4,0,10,0,2,5,9,176,3,2,0,4,3,33,1,1.0,0,4,0,0,11,0,6.0,0.0,33.0,18.0,6.0,3,0,0
3,3,1,4,1,1,9,3,0,2,4,0,185,3,3,0,1,3,19,0,0.0,1,5,0,0,8,0,12.0,0.0,3.0,24.0,14.0,3,4,1
0,3,2,1,1,1,5,10,1,2,4,0,412,13,3,0,5,4,15,0,0.0,0,8,1,0,5,0,13.0,0.0,1.0,20.0,13.0,1,1,1
1,3,1,1,1,3,8,10,0,0,5,2,265,7,4,1,4,5,23,0,0.0,0,1,0,0,10,0,13.0,0.0,3.0,25.0,12.0,3,0,0
3,5,3,3,3,1,2,2,0,1,4,0,528,22,2,0,0,1,12,1,1.0,0,7,1,0,11,0,6.0,0.0,8.0,8.0,4.0,0,0,0
4,5,4,4,3,0,13,2,0,2,3,0,41,25,2,2,0,1,18,0,0.0,0,2,1,0,2,0,10.0,0.0,14.0,23.0,13.0,0,0,0
3,5,0,2,0,2,0,7,0,0,5,4,143,8,2,0,4,4,15,0,0.0,0,2,0,0,11,0,4.0,0.0,5.0,27.0,15.0,2,3,0
6,3,0,5,0,3,11,10,0,1,4,4,167,8,2,0,4,3,15,0,0.0,0,3,1,0,6,0,9.0,0.0,5.0,27.0,12.0,0,0,0
2,3,6,2,4,2,2,1,1,2,5,0,512,21,5,0,2,2,24,0,0.0,0,4,1,0,10,0,7.0,0.0,17.0,11.0,7.0,0,0,0
2,5,3,2,2,3,10,4,0,0,3,4,627,43,1,0,2,2,14,0,0.0,0,4,0,0,6,0,6.0,0.0,14.0,21.0,12.0,5,2,0
0,3,4,1,4,1,10,10,1,2,4,0,303,9,6,0,0,0,11,1,0.0,0,5,1,0,5,0,8.0,0.0,4.0,17.0,11.0,0,0,0
2,5,2,2,2,1,13,10,1,1,3,4,121,14,2,0,2,3,12,0,0.0,0,6,0,0,1,0,6.0,0.0,12.0,31.0,21.0,2,3,1
2,3,8,4,6,1,13,2,1,2,5,0,241,7,5,0,0,0,13,1,1.0,0,5,1,0,1,0,6.0,0.0,23.0,27.0,6.0,0,0,0
3,3,1,3,1,0,11,10,0,2,3,4,191,5,2,0,2,2,10,0,0.0,0,4,1,0,4,0,7.0,0.0,5.0,11.0,10.0,3,2,0
2,5,2,2,1,3,4,10,0,0,6,0,303,9,1,0,4,4,11,0,0.0,0,2,0,0,7,0,4.0,0.0,5.0,11.0,8.0,3,4,5
2,3,1,2,1,3,4,10,1,2,5,0,33,22,3,0,4,5,9,1,1.0,0,2,0,0,10,0,4.0,0.0,7.0,14.0,6.0,3,1,0
4,3,3,4,3,3,11,10,0,0,3,0,108,21,2,0,0,1,23,0,0.0,0,4,1,0,9,0,13.0,0.0,3.0,29.0,19.0,0,0,0
0,3,3,1,2,3,10,10,1,2,2,4,196,14,2,0,1,2,6,0,0.0,0,4,1,0,11,2,5.0,0.0,6.0,9.0,5.0,0,0,0
0,3,2,0,1,3,8,9,1,0,3,4,110,13,2,0,2,2,5,0,0.0,0,7,0,0,7,0,3.0,0.0,1.0,11.0,2.0,3,1,1
2,3,0,2,0,3,0,7,0,0,2,0,107,30,2,0,2,3,9,0,0.0,0,1,1,0,10,2,2.0,0.0,7.0,26.0,12.0,0,0,0
8,3,2,8,1,2,11,8,1,2,3,4,111,8,2,0,4,5,20,0,0.0,1,5,0,0,10,0,12.0,0.0,10.0,23.0,14.0,0,5,0
7,3,1,8,2,3,2,8,1,2,4,0,297,18,3,1,2,3,12,0,0.0,0,9,0,0,5,0,5.0,0.0,10.0,11.0,9.0,0,0,0
5,3,1,8,1,3,4,10,0,2,4,2,386,19,3,1,2,1,12,0,0.0,0,4,0,0,10,0,7.0,0.0,11.0,16.0,7.0,0,3,3
1,3,2,2,1,5,3,2,0,1,3,0,161,14,3,0,0,0,11,0,0.0,0,4,0,0,12,0,6.0,0.0,13.0,6.0,4.0,3,1,1
8,5,1,5,1,0,7,10,0,1,5,2,44,26,1,1,4,5,11,0,0.0,0,1,0,0,11,0,3.0,0.0,7.0,6.0,6.0,0,0,0
3,5,4,2,4,3,8,0,1,1,4,0,66,14,4,0,4,3,10,0,0.0,0,6,0,0,4,0,7.0,0.0,4.0,9.0,5.0,5,3,2
4,5,2,3,2,3,11,7,0,1,1,4,134,8,2,0,1,2,18,0,0.0,0,2,1,0,9,0,5.0,0.0,6.0,9.0,5.0,2,4,4
2,3,4,2,3,3,11,3,1,0,4,4,162,2,1,0,0,1,4,0,0.0,0,5,1,0,10,0,3.0,0.0,3.0,3.0,3.0,0,0,0
0,3,2,0,1,3,0,5,1,1,5,0,253,21,3,1,3,3,10,0,0.0,0,1,0,0,3,0,2.0,0.0,2.0,8.0,7.0,3,0,0
2,5,3,2,6,3,10,1,0,2,1,0,609,19,3,1,1,1,6,0,0.0,0,2,1,0,4,1,5.0,0.0,6.0,9.0,5.0,0,0,0
0,3,1,0,1,0,0,1,1,0,0,10,155,0,0,0,4,4,6,0,0.0,0,6,1,0,7,1,5.0,0.0,6.0,9.0,5.0,0,0,0
4,5,2,3,2,3,3,10,0,1,4,0,196,14,2,0,2,2,13,1,1.0,0,6,0,0,5,0,6.0,0.0,12.0,23.0,7.0,0,0,0
2,5,3,2,3,3,11,8,0,0,4,0,54,28,6,0,2,2,12,0,0.0,0,6,0,0,10,0,6.0,0.0,5.0,13.0,10.0,0,0,0
8,5,3,6,3,4,10,10,0,2,3,4,4,3,4,0,1,2,25,0,0.0,1,4,0,0,6,0,14.0,0.0,11.0,33.0,19.0,0,0,0
4,5,2,3,2,1,9,6,1,0,6,0,115,8,3,0,3,2,9,0,0.0,0,8,0,0,11,0,4.0,0.0,6.0,6.0,6.0,2,0,0
2,5,2,1,1,2,6,10,1,1,3,0,141,13,1,0,2,1,17,0,0.0,0,2,1,0,7,0,13.0,0.0,3.0,22.0,14.0,0,0,0
5,3,2,8,2,0,6,10,1,2,4,0,38,21,0,0,1,1,8,0,0.0,0,9,0,0,9,0,8.0,0.0,0.0,11.0,9.0,0,0,0
3,3,1,4,1,2,2,10,0,0,4,0,19,14,2,0,3,3,6,0,0.0,0,7,1,0,9,0,5.0,0.0,4.0,12.0,5.0,0,0,0
6,5,0,4,0,3,7,1,0,1,4,0,505,10,4,0,2,3,14,0,0.0,0,3,0,0,9,0,6.0,0.0,22.0,17.0,8.0,0,0,0
4,3,6,8,4,1,3,3,2,2,5,2,108,21,2,3,2,2,10,0,0.0,0,0,0,0,9,0,1.0,0.0,9.0,9.0,4.0,0,0,0
3,5,1,2,0,3,7,10,0,1,5,0,74,30,0,0,2,3,13,0,0.0,0,1,1,0,7,0,6.0,0.0,1.0,29.0,12.0,0,0,0
1,3,1,1,1,3,7,3,1,1,5,4,152,14,3,0,2,2,5,0,0.0,0,5,0,0,10,0,3.0,0.0,6.0,6.0,4.0,2,0,0
0,3,4,0,3,2,2,0,0,1,5,5,229,17,2,0,0,1,19,0,0.0,0,7,1,0,3,0,7.0,0.0,27.0,28.0,14.0,0,0,0
0,3,1,0,1,5,10,2,1,2,4,4,5,4,3,0,0,1,18,0,0.0,0,5,0,0,7,0,3.0,0.0,16.0,4.0,2.0,3,0,0
5,3,2,5,2,3,3,8,0,2,4,4,3,0,4,0,3,3,17,0,0.0,1,6,1,0,10,0,12.0,0.0,7.0,17.0,14.0,1,1,0
4,3,1,4,1,1,7,10,0,1,4,0,27,12,5,0,0,1,10,0,0.0,0,3,1,0,5,0,7.0,0.0,4.0,10.0,8.0,3,4,3
5,3,1,6,1,1,4,10,0,0,2,0,508,2,1,1,3,4,11,0,0.0,0,3,0,0,3,3,4.0,0.0,3.0,15.0,11.0,3,1,1
4,3,1,5,1,3,10,10,1,0,5,4,119,0,4,0,4,4,7,0,0.0,0,7,0,0,6,0,5.0,0.0,10.0,12.0,10.0,2,2,2
1,3,4,1,3,3,0,10,0,1,3,5,722,3,5,0,4,4,28,0,0.0,1,7,1,0,3,0,7.0,0.0,38.0,22.0,15.0,3,1,1
3,3,3,3,2,3,11,1,0,1,3,0,310,24,2,0,0,1,14,0,0.0,0,4,1,0,3,0,9.0,0.0,0.0,15.0,7.0,3,0,0
3,5,0,2,0,3,0,10,2,1,4,0,328,3,3,0,2,1,9,0,0.0,0,0,0,0,12,0,3.0,0.0,7.0,10.0,6.0,0,0,0
2,5,5,2,4,3,10,6,2,2,2,5,129,30,1,0,0,1,12,2,1.0,0,4,1,0,6,0,5.0,0.0,12.0,8.0,7.0,0,0,0
0,3,3,0,2,3,0,10,1,2,6,10,129,30,3,0,1,1,5,0,0.0,0,8,0,0,11,0,4.0,0.0,5.0,6.0,2.0,0,0,0
4,3,0,5,0,0,6,4,1,0,4,0,166,8,1,0,1,2,12,0,0.0,0,0,0,0,7,0,3.0,0.0,4.0,12.0,6.0,3,6,8
3,3,1,4,1,4,7,6,1,0,4,3,31,2,0,1,5,6,6,0,0.0,0,0,0,0,1,0,2.0,0.0,2.0,7.0,5.0,0,2,1
0,3,3,0,2,0,9,4,2,1,6,0,324,10,3,1,0,0,11,0,0.0,0,2,0,0,10,0,7.0,0.0,8.0,11.0,5.0,3,0,0
2,5,2,1,2,3,1,10,0,2,4,0,184,26,3,0,1,1,10,0,0.0,0,8,0,0,8,0,4.0,0.0,7.0,10.0,5.0,0,0,0
2,3,3,2,2,3,10,10,1,1,6,0,141,13,1,0,4,4,11,0,0.0,0,7,0,0,5,0,1.0,0.0,7.0,6.0,3.0,0,0,0
3,5,3,3,3,3,7,8,0,1,4,0,734,24,3,0,4,3,15,0,0.0,0,5,0,0,2,0,8.0,0.0,6.0,14.0,5.0,4,0,0
3,3,1,4,1,3,0,10,0,1,4,4,99,8,1,0,1,1,10,1,1.0,0,7,0,0,10,0,4.0,0.0,9.0,12.0,9.0,1,1,0
3,3,2,3,1,3,0,2,1,1,3,4,41,25,2,0,2,3,6,0,0.0,0,6,1,0,10,0,4.0,0.0,2.0,6.0,4.0,2,0,0
5,5,1,4,1,2,4,9,0,1,4,0,41,25,1,0,0,0,13,0,0.0,0,3,0,0,5,0,5.0,0.0,2.0,14.0,11.0,0,0,0
3,3,3,5,4,3,6,10,0,1,4,0,629,20,4,0,0,1,15,0,0.0,1,6,0,0,4,0,7.0,0.0,13.0,41.0,25.0,2,2,2
3,3,1,3,0,3,4,1,1,0,3,0,221,8,2,0,2,2,13,0,0.0,0,6,0,0,10,0,7.0,0.0,26.0,21.0,10.0,3,2,0
0,3,2,0,2,3,0,9,0,1,4,0,414,0,1,0,6,6,6,0,0.0,0,0,1,0,4,0,0.0,0.0,9.0,2.0,1.0,3,0,0
7,5,3,5,2,3,10,10,0,0,6,0,290,18,8,0,3,4,18,0,0.0,1,5,0,1,4,0,10.0,0.0,7.0,17.0,10.0,0,0,0
2,3,1,1,1,3,7,4,1,1,5,4,300,9,0,0,3,2,3,0,0.0,0,2,0,0,10,0,2.0,0.0,2.0,19.0,17.0,0,0,0
2,5,4,2,4,4,11,10,0,0,4,0,74,30,3,0,4,5,23,0,0.0,1,7,1,0,6,0,15.0,0.0,9.0,31.0,18.0,4,3,1
7,3,2,8,2,5,6,1,2,1,4,0,17,13,2,0,4,5,7,0,0.0,0,3,0,0,12,0,3.0,0.0,1.0,9.0,7.0,0,0,0
2,5,5,3,4,3,0,1,1,2,5,0,173,32,4,0,1,1,9,0,0.0,0,4,0,1,5,0,6.0,0.0,5.0,7.0,4.0,3,2,3
2,3,2,2,1,3,11,9,1,0,6,0,385,8,1,2,2,4,11,0,0.0,0,2,1,0,12,0,1.0,0.0,8.0,17.0,9.0,1,1,0
3,3,1,4,1,0,2,1,1,0,4,0,616,0,3,0,2,3,22,0,0.0,0,0,0,0,7,0,5.0,0.0,8.0,23.0,12.0,0,0,0
3,5,2,3,2,2,4,10,0,1,4,4,401,24,5,0,5,4,22,0,0.0,0,2,1,0,5,0,17.0,0.0,2.0,35.0,25.0,0,4,3
2,5,3,2,2,1,9,10,0,1,3,5,505,10,3,0,5,6,10,0,0.0,0,6,0,0,5,0,6.0,0.0,8.0,20.0,18.0,2,0,0
2,3,2,2,2,2,9,5,1,2,2,4,197,4,2,1,4,3,9,0,0.0,0,7,1,0,7,0,5.0,0.0,10.0,15.0,9.0,1,1,0
3,3,1,3,2,3,12,10,0,0,4,0,9,7,5,0,2,1,10,0,0.0,0,3,0,0,2,0,3.0,0.0,16.0,7.0,4.0,1,0,1
1,3,0,1,0,1,10,10,0,0,4,4,431,20,4,0,3,4,22,0,0.0,0,3,0,0,1,0,5.0,0.0,11.0,25.0,16.0,0,0,0
3,3,0,3,0,3,7,5,0,0,2,3,38,21,0,0,4,3,13,0,0.0,0,1,1,0,1,5,2.0,0.0,5.0,10.0,8.0,3,2,0
2,3,0,3,0,3,2,9,2,0,4,0,627,43,4,0,1,3,22,0,0.0,0,1,0,0,5,0,6.0,0.0,26.0,19.0,10.0,1,3,1
0,3,3,0,2,3,0,3,1,0,6,4,55,29,1,0,1,3,7,0,0.0,0,4,0,0,7,0,3.0,0.0,2.0,8.0,4.0,2,0,0
6,5,5,5,6,2,4,8,1,1,4,6,167,8,1,1,2,2,4,0,0.0,0,4,0,0,8,0,2.0,0.0,8.0,17.0,7.0,0,0,0
1,3,2,1,1,3,0,10,2,1,5,4,259,19,1,3,2,3,17,0,0.0,0,0,0,0,6,0,6.0,0.0,7.0,22.0,13.0,3,0,0
3,5,3,3,2,5,7,9,0,0,5,0,11,5,5,0,1,1,7,0,0.0,0,3,0,0,3,0,3.0,0.0,7.0,13.0,9.0,3,1,1
4,5,3,3,3,1,10,10,1,2,5,0,342,21,4,0,2,2,8,0,0.0,0,7,0,0,9,0,7.0,0.0,2.0,14.0,5.0,0,0,0
1,3,1,1,1,3,0,0,2,2,5,10,72,10,1,0,1,2,5,1,1.0,0,1,0,0,12,0,2.0,0.0,2.0,10.0,3.0,3,2,1
2,3,2,3,2,2,7,9,0,2,4,4,85,19,5,0,3,4,14,0,0.0,0,6,0,1,10,0,8.0,0.0,14.0,15.0,8.0,0,0,0
5,5,2,4,1,2,9,3,0,2,4,2,90,21,0,0,3,4,8,1,1.0,0,2,0,0,5,0,5.0,0.0,7.0,14.0,7.0,0,0,0
1,3,2,2,2,3,8,5,1,1,3,5,97,12,2,0,0,0,7,0,0.0,0,2,0,0,9,0,3.0,0.0,1.0,9.0,4.0,0,2,2
2,5,1,2,1,4,2,9,0,2,2,4,250,37,3,0,2,3,6,0,0.0,0,4,1,0,3,6,2.0,0.0,1.0,13.0,11.0,0,0,0
4,3,3,5,2,0,7,10,0,2,5,0,134,8,3,0,0,0,14,0,0.0,0,5,1,0,6,0,5.0,0.0,7.0,16.0,5.0,0,0,0
3,3,1,4,1,5,0,10,1,2,4,0,275,8,4,2,1,1,22,0,0.0,0,5,0,0,2,0,8.0,0.0,17.0,23.0,7.0,0,0,0
3,5,4,3,3,3,0,7,1,1,6,4,401,24,3,0,2,3,30,0,0.0,0,5,0,0,1,0,11.0,0.0,19.0,43.0,25.0,0,0,0
1,5,3,1,3,5,0,0,1,1,4,0,51,13,0,0,4,4,4,0,0.0,0,2,1,0,11,0,1.0,0.0,1.0,18.0,10.0,4,1,1
1,3,3,1,3,3,0,8,0,1,4,0,260,21,5,0,4,3,20,1,1.0,0,1,0,0,7,0,6.0,0.0,6.0,26.0,7.0,3,0,0
3,3,1,4,1,3,2,10,0,1,3,5,162,2,3,0,3,2,18,0,0.0,0,3,0,0,7,0,14.0,0.0,0.0,25.0,11.0,0,2,2
2,3,2,2,2,3,3,8,0,0,3,4,143,8,2,0,1,2,9,0,0.0,0,5,1,0,7,0,5.0,0.0,6.0,11.0,7.0,0,0,0
3,3,0,3,0,0,3,3,0,1,4,0,710,45,1,0,3,3,14,1,0.0,0,4,1,0,7,0,7.0,0.0,9.0,15.0,6.0,1,1,1
0,3,6,0,3,3,3,10,0,1,6,0,19,14,3,1,0,0,12,0,0.0,0,8,0,0,3,0,8.0,0.0,13.0,10.0,7.0,3,0,0
1,3,3,1,2,3,11,2,1,1,4,0,581,24,4,0,1,2,5,0,0.0,0,7,1,0,8,0,2.0,0.0,4.0,3.0,2.0,0,0,0
0,3,3,0,3,4,7,10,0,0,3,2,286,16,1,0,4,5,6,0,0.0,0,7,1,0,1,0,4.0,0.0,2.0,4.0,3.0,0,0,0
5,5,5,5,4,3,0,10,0,2,2,0,499,13,2,1,2,2,13,0,0.0,3,8,1,0,6,0,11.0,0.0,5.0,16.0,10.0,4,2,1
2,3,2,2,2,1,4,10,1,2,2,0,523,13,4,0,3,3,13,0,0.0,0,6,1,0,7,4,8.0,0.0,16.0,22.0,12.0,3,1,1
5,3,0,5,0,2,4,3,0,2,2,0,74,30,2,2,3,3,9,0,0.0,0,1,1,0,2,0,4.0,0.0,7.0,16.0,13.0,0,0,0
5,3,1,5,0,1,0,6,1,1,3,0,2,2,3,0,1,2,12,0,0.0,1,5,0,0,12,0,9.0,0.0,5.0,19.0,16.0,2,5,0
2,5,0,1,1,3,4,8,0,1,4,4,535,17,3,0,1,0,11,0,0.0,1,7,0,0,11,0,7.0,0.0,5.0,11.0,8.0,4,2,3
1,3,1,1,1,2,4,9,0,0,4,4,772,0,1,0,0,0,6,1,1.0,0,5,0,0,3,0,4.0,0.0,4.0,10.0,8.0,2,0,0
0,3,1,0,1,3,12,8,0,0,4,4,19,14,3,1,4,5,15,0,0.0,0,1,0,0,8,0,5.0,0.0,10.0,22.0,9.0,0,0,0
3,5,3,2,2,2,4,9,0,0,4,0,31,2,2,1,1,3,14,0,0.0,1,7,0,0,4,0,7.0,0.0,5.0,14.0,12.0,0,0,0
4,3,3,5,3,1,8,6,2,2,5,0,455,13,0,0,0,0,13,0,0.0,0,5,1,0,10,0,9.0,0.0,2.0,16.0,6.0,0,0,0
2,3,3,2,2,3,10,10,1,0,6,0,248,11,2,0,2,2,13,0,0.0,0,3,0,0,8,0,4.0,0.0,10.0,16.0,7.0,0,0,0
4,3,2,6,2,1,13,5,1,0,4,4,41,25,3,0,0,1,6,1,0.0,0,7,0,0,12,0,2.0,0.0,11.0,8.0,6.0,1,0,0
3,5,0,2,1,1,10,2,0,1,3,0,33,22,2,1,3,4,11,0,0.0,0,2,0,0,11,0,4.0,0.0,9.0,14.0,7.0,0,1,0
2,5,3,2,4,1,3,1,2,2,1,4,463,48,3,0,0,1,13,0,0.0,0,7,1,0,9,0,5.0,0.0,6.0,9.0,5.0,2,1,1
2,3,1,2,1,3,9,3,1,0,3,4,255,9,1,0,3,2,3,0,0.0,0,6,0,0,5,0,2.0,0.0,1.0,7.0,5.0,3,0,0
0,3,0,0,0,1,4,1,1,0,1,4,48,10,1,0,1,2,4,0,0.0,0,3,1,0,12,0,5.0,0.0,6.0,9.0,5.0,3,0,0
0,3,1,1,0,3,2,8,2,2,2,0,116,14,4,0,3,2,11,0,0.0,0,6,1,0,10,0,8.0,0.0,5.0,16.0,11.0,3,1,2
1,5,0,1,0,3,12,4,0,1,4,0,4,3,1,0,6,7,9,0,0.0,0,2,1,0,10,0,4.0,0.0,6.0,11.0,8.0,5,2,0
2,3,2,2,2,4,0,9,2,1,4,0,810,24,4,0,2,2,11,0,0.0,0,2,1,0,1,0,6.0,0.0,5.0,11.0,5.0,0,3,0
6,3,2,7,1,0,8,10,0,2,5,2,89,3,3,1,4,4,23,0,0.0,0,5,0,0,10,0,19.0,0.0,12.0,36.0,24.0,3,6,8
2,3,1,3,1,3,0,10,0,1,4,0,337,14,3,0,0,2,19,0,0.0,0,2,1,0,2,0,8.0,0.0,14.0,19.0,10.0,1,3,2
2,3,0,2,0,3,0,4,1,0,5,0,31,2,1,0,4,6,20,0,0.0,0,4,0,0,11,0,3.0,0.0,21.0,5.0,5.0,0,2,3
5,3,2,5,2,3,12,4,2,1,5,0,843,41,1,2,3,3,14,1,0.0,0,3,1,0,2,0,6.0,0.0,11.0,22.0,14.0,0,0,0
0,3,2,1,1,1,11,10,0,1,5,0,103,36,1,2,4,3,13,1,1.0,0,3,1,0,12,0,10.0,0.0,2.0,28.0,11.0,0,0,0
2,5,4,2,3,1,4,10,0,2,3,0,591,40,2,0,3,3,8,1,1.0,0,8,1,0,7,0,5.0,0.0,8.0,15.0,13.0,0,0,0
1,3,2,1,2,2,2,4,1,2,5,0,61,31,2,1,1,2,13,0,0.0,0,5,0,0,10,0,3.0,0.0,26.0,9.0,6.0,0,0,0
3,5,4,2,3,3,7,10,0,2,5,10,149,22,0,0,2,3,5,0,0.0,0,1,1,0,9,0,2.0,0.0,0.0,7.0,4.0,0,0,0
4,3,4,6,3,3,11,10,0,2,6,2,108,21,8,1,1,1,21,0,0.0,0,4,1,1,9,0,10.0,0.0,6.0,26.0,10.0,0,0,0
2,3,3,3,3,1,9,10,0,0,4,0,6,5,6,0,1,1,10,0,0.0,0,7,1,0,6,0,5.0,0.0,16.0,9.0,5.0,0,0,0
3,3,1,3,0,1,7,10,2,2,3,0,121,14,3,0,4,4,13,0,0.0,0,2,1,0,5,3,5.0,0.0,6.0,9.0,4.0,1,1,1
2,5,3,2,2,3,7,10,0,2,2,0,156,18,3,0,3,2,9,0,0.0,0,7,1,0,12,0,6.0,0.0,7.0,8.0,2.0,0,0,0
2,3,2,2,2,3,12,2,1,0,4,0,660,23,2,0,2,1,7,0,0.0,0,3,1,0,6,0,3.0,0.0,13.0,8.0,0.0,1,1,0
0,3,3,0,3,1,7,0,0,0,6,4,152,14,6,1,2,2,15,0,0.0,0,4,0,1,4,0,5.0,0.0,13.0,17.0,6.0,3,0,0
2,3,4,2,3,1,3,5,1,1,6,5,196,14,0,0,2,2,7,0,0.0,0,0,1,0,5,0,2.0,0.0,5.0,5.0,2.0,3,0,0
1,3,0,2,0,1,3,10,0,0,3,4,72,10,1,1,5,4,12,0,0.0,0,2,1,0,11,0,4.0,0.0,6.0,18.0,6.0,0,1,1
7,3,1,8,1,2,11,5,0,2,3,0,682,2,2,0,4,4,13,0,0.0,0,2,1,0,6,2,7.0,0.0,7.0,15.0,8.0,2,3,2
4,5,3,4,2,2,8,0,0,0,5,4,19,14,3,1,0,2,11,0,0.0,1,3,0,0,1,0,6.0,0.0,10.0,17.0,6.0,0,0,0
4,5,6,4,4,3,4,4,1,2,5,0,100,4,3,0,3,4,11,0,0.0,0,2,0,0,10,0,6.0,0.0,21.0,10.0,6.0,0,0,0
7,5,2,5,2,3,11,0,0,1,4,0,643,45,2,0,2,2,29,0,0.0,0,3,0,0,10,0,5.0,0.0,23.0,35.0,16.0,0,0,0
2,3,0,3,0,1,3,7,0,0,4,4,430,7,3,0,4,5,15,0,0.0,0,6,0,0,12,0,7.0,0.0,9.0,24.0,13.0,0,0,0
1,3,0,1,0,4,7,10,0,2,2,2,134,8,1,0,4,3,10,0,0.0,0,0,1,0,6,4,1.0,0.0,11.0,11.0,5.0,0,1,0
0,3,2,0,1,2,11,5,0,0,5,3,420,4,1,0,0,1,7,0,0.0,0,0,1,0,1,0,2.0,0.0,14.0,5.0,0.0,3,0,0
1,3,2,1,2,3,4,10,0,2,5,4,314,0,2,0,2,3,7,0,0.0,0,6,0,0,9,0,3.0,0.0,3.0,8.0,5.0,3,0,0
4,5,2,3,2,0,0,1,0,1,5,0,126,38,1,0,2,3,6,1,1.0,0,1,0,0,11,0,2.0,0.0,6.0,8.0,2.0,0,0,0
0,3,1,1,1,0,9,10,2,1,4,0,245,26,0,1,1,1,8,3,0.0,0,2,1,0,9,0,3.0,0.0,3.0,10.0,5.0,1,0,0
3,5,8,4,6,1,13,9,2,1,5,0,710,45,2,0,0,0,18,0,0.0,0,2,0,0,12,0,10.0,0.0,8.0,15.0,8.0,0,5,2
3,3,1,4,0,2,3,10,0,1,1,2,163,21,1,0,3,3,14,0,0.0,0,0,1,0,9,0,5.0,0.0,6.0,9.0,5.0,1,2,3
3,5,3,2,3,3,9,3,0,1,3,0,358,21,3,0,2,3,11,0,0.0,0,9,1,0,1,0,8.0,0.0,4.0,17.0,13.0,0,1,0
2,3,2,3,2,3,5,9,0,2,4,0,473,8,1,0,3,4,23,0,0.0,0,2,0,0,3,0,10.0,0.0,8.0,22.0,11.0,0,0,0
1,3,3,1,2,1,10,2,0,2,2,0,142,0,4,0,3,2,11,0,0.0,0,3,0,0,8,4,5.0,0.0,9.0,8.0,5.0,2,1,0
0,3,2,0,1,1,2,4,1,1,5,10,428,9,3,4,3,4,8,0,0.0,0,4,1,0,12,0,3.0,0.0,32.0,12.0,7.0,2,0,0
1,3,2,1,1,1,6,10,1,2,3,0,580,40,2,0,5,5,6,0,0.0,0,4,0,0,10,0,3.0,0.0,7.0,4.0,2.0,3,0,0
1,5,1,1,1,5,7,1,1,1,3,0,335,8,3,0,1,1,9,0,0.0,0,5,0,0,7,0,5.0,0.0,7.0,17.0,8.0,0,2,2
0,3,0,0,0,3,0,5,1,0,6,7,238,22,1,0,1,2,11,0,0.0,0,1,0,0,2,0,5.0,0.0,12.0,13.0,10.0,3,0,0
1,3,3,2,2,2,3,1,1,0,2,4,354,26,1,0,2,2,9,1,1.0,0,7,1,0,4,0,5.0,0.0,6.0,9.0,5.0,0,0,0
1,3,3,1,2,0,0,5,1,1,3,0,143,8,4,0,0,1,10,0,0.0,0,5,1,0,4,0,7.0,0.0,6.0,9.0,3.0,0,0,0
0,3,3,1,2,1,9,2,1,2,4,10,282,7,5,0,4,5,11,2,0.0,0,5,0,0,4,0,6.0,0.0,15.0,7.0,3.0,0,0,0
3,3,4,3,4,4,11,10,0,1,3,1,607,14,6,0,4,3,9,0,0.0,0,3,1,0,6,0,2.0,0.0,23.0,17.0,13.0,0,0,0
4,5,4,4,3,3,9,3,0,1,5,0,27,12,2,0,3,4,13,2,1.0,0,8,0,0,5,0,8.0,0.0,4.0,12.0,4.0,0,0,0
2,3,0,2,0,1,3,10,2,2,3,3,161,14,3,0,5,4,8,0,0.0,0,1,1,0,3,0,3.0,0.0,8.0,10.0,6.0,3,0,0
4,5,3,3,2,3,9,2,2,0,4,4,123,12,2,0,1,2,7,2,1.0,0,3,0,0,5,0,1.0,0.0,22.0,6.0,4.0,0,1,2
2,3,3,3,2,2,5,10,1,1,4,0,251,8,1,0,3,4,14,0,0.0,0,3,1,0,11,0,5.0,0.0,6.0,22.0,6.0,3,1,0
0,3,4,0,3,0,3,10,2,1,6,0,505,10,4,0,1,2,9,0,0.0,0,4,0,0,8,0,4.0,0.0,5.0,13.0,9.0,3,0,0
7,3,3,8,3,3,3,6,0,1,3,0,268,8,4,0,2,2,22,0,0.0,0,6,1,0,4,0,9.0,0.0,19.0,14.0,5.0,1,2,3
3,5,4,3,4,4,5,7,2,2,4,2,36,13,3,2,0,0,8,0,0.0,0,5,0,0,5,0,5.0,0.0,5.0,6.0,4.0,3,2,1
1,3,3,2,2,0,0,10,2,2,3,0,167,8,5,1,1,3,27,0,0.0,0,1,0,0,4,0,17.0,0.0,1.0,44.0,22.0,0,0,0
2,3,2,2,1,3,4,1,0,1,5,0,72,10,2,0,2,3,20,0,0.0,2,7,0,0,1,0,16.0,0.0,14.0,29.0,18.0,0,0,0
2,3,1,4,1,3,10,10,0,0,2,4,540,13,2,2,0,0,17,0,0.0,0,6,1,0,9,2,7.0,0.0,6.0,26.0,9.0,3,1,0
0,3,3,0,3,1,0,10,0,0,2,4,434,2,2,0,3,3,13,0,0.0,0,7,1,0,4,0,12.0,0.0,1.0,32.0,26.0,0,0,0
6,3,3,6,2,1,3,10,1,2,3,0,111,8,4,0,1,2,8,0,0.0,1,7,1,0,1,0,4.0,0.0,7.0,5.0,5.0,2,6,5
4,3,3,5,3,1,2,10,0,2,4,0,97,12,3,3,4,4,31,1,0.0,0,1,1,0,4,0,13.0,0.0,4.0,35.0,12.0,0,0,0
6,5,2,6,2,3,10,10,0,2,5,0,453,14,2,0,3,4,18,0,0.0,0,0,0,0,11,0,3.0,0.0,16.0,23.0,13.0,0,0,0
2,3,4,2,3,2,9,2,0,2,3,0,223,12,1,0,0,0,10,0,0.0,0,2,1,0,4,0,5.0,0.0,2.0,10.0,6.0,0,0,0
0,3,1,1,1,1,0,1,1,1,5,0,116,14,2,1,2,2,14,0,0.0,1,7,0,0,10,0,11.0,0.0,9.0,23.0,15.0,3,0,0
3,5,3,3,3,1,2,4,0,2,4,2,663,0,2,0,0,0,8,0,0.0,0,4,1,0,5,0,4.0,0.0,11.0,10.0,7.0,4,5,0
6,3,3,7,3,3,0,6,0,2,4,4,99,8,3,0,1,1,10,1,1.0,0,6,1,0,3,0,5.0,0.0,13.0,5.0,4.0,0,0,0
3,3,0,3,0,2,1,10,2,0,4,0,140,8,3,0,1,2,24,0,0.0,0,0,0,0,2,0,6.0,0.0,16.0,29.0,17.0,3,4,5
1,3,4,1,3,0,9,10,0,1,4,0,315,23,2,1,2,2,6,0,0.0,0,9,1,0,10,0,4.0,0.0,4.0,7.0,5.0,0,0,0
4,5,4,3,3,3,4,5,0,2,4,0,31,2,0,0,0,0,14,0,0.0,0,1,0,0,7,0,5.0,0.0,1.0,17.0,11.0,0,0,0
1,3,0,2,0,3,4,6,0,2,6,0,480,8,1,0,3,4,8,1,0.0,0,2,0,0,2,0,6.0,0.0,2.0,6.0,4.0,0,2,0
5,3,6,9,5,1,0,3,1,2,5,6,29,19,4,0,0,0,6,1,1.0,0,7,0,1,11,0,2.0,0.0,4.0,10.0,4.0,0,0,0
2,5,3,2,2,3,1,0,0,2,6,0,481,0,4,0,1,1,10,1,1.0,0,3,0,0,10,0,7.0,0.0,13.0,10.0,3.0,0,0,0
6,3,1,7,0,3,8,10,0,2,5,0,118,20,4,0,0,0,24,0,0.0,0,2,0,0,5,0,11.0,0.0,12.0,28.0,17.0,0,0,0
1,5,3,1,2,3,6,2,2,2,6,0,4,3,4,0,3,3,12,0,0.0,0,4,0,0,3,0,7.0,0.0,5.0,11.0,6.0,0,2,2
1,3,0,1,0,3,2,8,0,0,4,0,145,8,3,0,2,2,11,0,0.0,0,6,0,0,7,0,3.0,0.0,15.0,14.0,8.0,3,1,1
6,3,4,9,3,3,2,10,0,2,3,2,137,32,1,0,5,6,12,1,0.0,0,0,1,0,9,0,2.0,0.0,6.0,19.0,10.0,3,0,0
7,5,2,5,2,3,3,10,0,1,4,0,347,14,1,0,5,5,9,0,0.0,0,6,0,0,2,0,3.0,0.0,9.0,12.0,5.0,4,3,2
2,5,3,2,2,3,9,10,0,1,5,0,400,17,4,2,1,1,9,0,0.0,0,8,0,0,4,0,6.0,0.0,3.0,16.0,7.0,5,1,0
1,3,2,1,2,3,6,2,0,0,3,2,495,14,1,2,2,4,8,0,0.0,0,1,0,0,10,0,5.0,0.0,4.0,15.0,9.0,3,0,0
6,3,3,9,4,1,7,2,1,2,3,0,185,3,3,0,2,3,13,0,0.0,0,6,1,0,5,0,6.0,0.0,10.0,11.0,7.0,0,0,0
5,3,5,6,3,3,4,10,1,2,5,0,103,36,3,0,2,3,9,0,0.0,0,9,0,0,10,0,6.0,0.0,10.0,15.0,9.0,3,0,0
6,3,1,8,1,1,2,10,0,1,5,0,484,21,3,0,1,2,28,0,0.0,1,4,1,0,8,0,15.0,0.0,6.0,31.0,17.0,3,0,0
5,5,5,5,4,0,4,6,0,1,5,9,505,10,2,0,3,4,7,0,0.0,0,6,0,0,8,0,4.0,0.0,4.0,5.0,4.0,1,1,0
3,5,3,2,3,1,0,7,1,1,3,4,197,4,3,0,0,0,10,1,1.0,0,9,0,0,1,0,6.0,0.0,3.0,11.0,11.0,4,1,0
1,5,5,2,4,1,11,4,0,1,3,0,165,17,4,1,0,1,21,0,0.0,0,3,1,0,2,0,4.0,0.0,20.0,6.0,3.0,3,2,1
1,3,2,1,2,1,9,2,1,1,5,9,153,11,3,1,1,1,13,1,1.0,0,3,1,0,3,0,4.0,0.0,5.0,14.0,2.0,0,0,0
0,3,2,1,2,3,12,7,1,2,4,5,125,9,4,0,2,1,13,1,1.0,0,2,1,0,11,0,7.0,0.0,1.0,14.0,3.0,0,0,0
4,3,4,6,3,1,4,6,1,0,6,4,31,2,3,1,4,5,13,1,1.0,0,2,1,0,10,0,7.0,0.0,38.0,10.0,2.0,1,2,1
5,3,0,4,0,0,11,10,0,1,3,0,116,14,2,0,2,1,14,0,0.0,0,2,0,0,8,0,10.0,0.0,6.0,22.0,13.0,1,5,2
2,3,3,2,3,3,9,3,0,2,4,0,275,8,2,0,4,3,13,1,1.0,0,2,1,0,4,0,11.0,0.0,11.0,26.0,14.0,0,0,0
7,5,5,5,4,2,13,2,0,2,4,0,230,2,3,0,3,2,12,0,0.0,0,7,0,0,1,0,5.0,0.0,4.0,15.0,6.0,1,4,1
2,3,1,2,1,3,8,10,1,0,4,4,4,3,3,0,4,5,13,1,1.0,0,3,1,0,6,0,6.0,0.0,12.0,19.0,15.0,1,0,0
5,5,3,4,2,3,0,10,0,2,3,4,65,19,3,0,4,4,10,1,1.0,0,6,1,0,9,0,4.0,0.0,3.0,11.0,6.0,4,1,0
5,3,3,6,2,3,2,3,0,2,4,4,418,45,2,0,2,2,14,0,0.0,1,6,0,0,6,0,11.0,0.0,9.0,27.0,17.0,0,0,0
0,3,4,0,3,5,7,10,0,1,5,0,590,8,0,0,2,3,5,1,1.0,0,2,1,0,11,0,3.0,0.0,10.0,12.0,8.0,1,0,0
5,3,0,5,0,3,7,4,1,2,4,0,157,8,0,0,5,4,4,0,0.0,0,0,1,0,9,0,3.0,0.0,1.0,4.0,3.0,0,0,0
8,3,3,8,2,3,0,7,0,2,3,0,617,9,4,0,4,4,20,0,0.0,1,6,0,0,12,0,11.0,0.0,24.0,30.0,12.0,0,0,0
4,5,2,2,2,2,10,2,1,2,1,1,705,19,1,1,4,5,20,0,0.0,0,0,1,0,1,1,5.0,0.0,6.0,9.0,5.0,0,0,0
4,5,4,4,3,2,9,8,1,2,5,0,138,0,2,2,2,3,17,0,0.0,0,9,0,0,9,0,3.0,0.0,32.0,15.0,7.0,0,0,0
0,3,1,0,1,3,0,10,1,0,4,2,51,13,3,0,3,3,11,1,0.0,0,5,1,0,7,0,8.0,0.0,5.0,17.0,11.0,0,0,0
3,5,3,3,2,0,4,10,2,2,2,0,290,18,3,0,0,0,18,0,0.0,0,6,0,0,7,0,11.0,0.0,22.0,30.0,14.0,0,0,0
1,3,1,1,1,1,4,1,1,0,6,4,217,22,3,0,1,2,16,0,0.0,0,8,1,0,1,0,4.0,0.0,28.0,6.0,3.0,0,1,0
2,3,1,3,1,3,7,10,0,1,4,0,401,24,3,1,3,3,18,0,0.0,0,4,0,0,5,0,11.0,0.0,5.0,25.0,11.0,0,0,0
6,3,4,9,3,1,12,8,1,2,5,0,678,2,5,1,4,4,15,0,0.0,0,7,0,0,10,0,5.0,0.0,20.0,13.0,6.0,3,5,2
2,3,3,2,2,1,2,4,0,0,2,0,223,12,3,0,1,1,4,0,0.0,0,5,1,0,2,0,2.0,0.0,2.0,7.0,5.0,3,0,0
8,3,5,9,4,1,4,5,2,1,4,2,2,2,1,0,4,3,9,0,0.0,0,0,0,0,11,0,4.0,0.0,8.0,5.0,3.0,1,1,1
2,3,1,2,1,3,2,8,0,0,4,2,25,13,1,0,0,2,10,0,0.0,0,4,0,0,2,0,5.0,0.0,4.0,8.0,6.0,0,0,0
2,3,2,3,1,1,3,9,1,0,2,0,64,14,3,2,1,1,20,0,0.0,0,3,1,0,5,2,5.0,0.0,6.0,9.0,5.0,0,0,0
3,3,3,3,2,3,4,2,1,0,3,0,722,3,0,0,2,1,9,0,0.0,0,3,1,0,3,2,3.0,0.0,2.0,11.0,7.0,3,0,1
8,3,2,9,2,3,10,0,1,2,6,4,19,14,9,0,1,1,14,0,0.0,0,6,0,1,5,0,6.0,0.0,10.0,15.0,11.0,0,0,0
5,3,3,8,3,1,9,3,0,2,3,0,188,23,1,1,2,3,18,1,1.0,0,5,1,0,7,0,8.0,0.0,18.0,23.0,14.0,2,2,2
3,5,1,2,1,3,4,10,2,0,5,0,343,27,1,0,2,3,11,1,1.0,0,6,0,0,10,0,8.0,0.0,10.0,13.0,4.0,1,2,1
2,3,2,2,2,3,2,10,0,1,6,0,97,12,2,5,2,2,15,0,0.0,0,7,0,0,7,0,8.0,0.0,4.0,23.0,14.0,0,0,0
5,5,4,5,3,3,7,10,2,1,3,0,614,3,4,0,4,5,9,0,0.0,0,6,1,0,4,0,7.0,0.0,6.0,20.0,14.0,0,0,0
1,5,1,1,1,3,13,10,1,0,4,0,142,0,6,0,4,5,7,0,0.0,0,7,0,0,10,0,3.0,0.0,10.0,7.0,1.0,0,0,0
2,5,3,2,2,2,7,10,0,2,3,0,447,30,1,0,0,1,8,0,0.0,0,4,1,0,1,0,7.0,0.0,0.0,10.0,4.0,0,0,0
3,5,5,3,4,2,5,5,0,0,4,0,507,19,5,0,0,0,17,0,0.0,0,8,0,0,6,0,9.0,0.0,5.0,27.0,17.0,0,0,0
3,3,1,3,1,1,2,3,0,0,5,0,231,43,3,0,4,3,25,0,0.0,0,6,1,0,3,0,5.0,0.0,40.0,13.0,5.0,1,1,0
1,3,2,2,2,3,0,4,1,0,0,0,468,0,2,0,1,2,9,0,0.0,0,5,1,0,9,0,5.0,0.0,6.0,9.0,5.0,1,0,0
0,3,2,0,1,1,10,8,1,0,4,4,75,33,2,0,3,3,8,0,0.0,0,6,1,0,12,0,6.0,0.0,2.0,7.0,4.0,1,0,0
6,3,2,8,2,3,3,0,1,1,5,2,484,21,1,0,1,3,11,0,0.0,1,4,1,0,10,0,2.0,0.0,18.0,6.0,6.0,1,4,2
4,5,3,3,3,0,8,3,0,2,1,0,36,13,2,0,1,3,10,0,0.0,0,4,1,0,12,0,5.0,0.0,6.0,9.0,5.0,2,2,0
6,5,1,4,1,3,3,3,0,1,3,0,53,19,1,0,2,2,16,0,0.0,0,2,0,0,1,0,7.0,0.0,4.0,16.0,9.0,5,1,2
4,5,2,5,3,3,8,10,2,2,3,0,279,17,4,0,3,4,12,0,0.0,0,4,1,0,3,0,6.0,0.0,4.0,13.0,4.0,5,5,7
4,5,3,3,2,3,0,10,0,0,4,0,529,23,1,0,1,2,13,0,0.0,0,6,0,0,9,0,8.0,0.0,4.0,14.0,8.0,2,1,1
3,3,5,5,3,0,3,0,1,0,6,0,422,30,0,0,5,5,1,0,0.0,0,0,0,0,3,0,0.0,0.0,2.0,3.0,2.0,1,1,0
4,3,3,7,3,1,3,10,0,2,3,2,614,3,2,2,2,3,10,1,0.0,0,3,1,0,3,0,6.0,0.0,3.0,14.0,12.0,3,1,0
4,5,5,5,5,3,3,1,0,2,3,0,2,2,3,0,4,3,7,0,0.0,1,6,1,0,4,0,5.0,0.0,3.0,20.0,10.0,0,0,0
0,3,3,0,2,2,0,3,1,2,3,4,277,8,0,0,1,2,7,0,0.0,0,4,1,0,7,0,6.0,0.0,1.0,13.0,6.0,3,0,0
1,3,3,2,3,1,0,2,1,0,3,0,314,0,1,1,3,4,7,0,0.0,0,3,0,0,1,0,3.0,0.0,11.0,8.0,4.0,0,0,0
4,5,3,3,2,2,10,4,0,2,3,0,195,38,2,0,1,1,22,0,0.0,0,6,1,0,8,0,5.0,0.0,19.0,16.0,6.0,1,5,0
1,3,1,1,1,3,10,10,0,2,4,4,639,37,0,0,0,1,14,1,0.0,0,4,0,0,11,0,8.0,0.0,5.0,16.0,12.0,2,0,0
4,5,3,4,3,3,10,0,1,2,5,0,17,13,1,1,0,1,11,0,0.0,0,7,1,1,1,0,4.0,0.0,11.0,7.0,4.0,0,5,2
7,5,2,5,2,3,0,10,0,0,6,4,171,8,6,1,2,2,11,1,1.0,0,1,0,1,8,0,3.0,0.0,14.0,8.0,3.0,0,0,0
1,3,1,1,1,0,10,10,0,0,4,0,797,14,2,0,1,0,7,0,0.0,0,4,0,0,6,0,4.0,0.0,4.0,5.0,4.0,0,0,0
0,3,0,1,0,2,0,5,1,2,2,0,221,8,3,0,2,3,14,0,0.0,0,4,1,0,2,0,5.0,0.0,6.0,9.0,5.0,1,0,0
6,3,2,8,2,0,3,7,0,1,5,4,266,31,2,0,4,3,11,0,0.0,0,6,0,0,4,0,7.0,0.0,17.0,18.0,9.0,2,2,1
1,3,2,1,1,3,0,10,0,2,3,0,237,32,4,0,4,3,8,0,0.0,0,6,1,0,8,0,5.0,0.0,6.0,5.0,3.0,3,0,0
0,3,3,0,2,2,0,10,0,2,4,5,397,35,3,0,1,1,9,0,0.0,0,4,1,0,3,0,3.0,0.0,24.0,14.0,9.0,0,0,0
6,5,3,5,2,5,3,3,0,2,3,0,97,12,2,2,0,1,21,0,0.0,0,5,1,0,12,3,3.0,0.0,29.0,17.0,13.0,1,2,2
4,3,2,4,2,0,4,8,1,1,4,0,145,8,5,0,1,2,8,0,0.0,0,1,1,0,7,0,4.0,0.0,8.0,4.0,3.0,0,0,0
0,3,2,0,2,1,9,2,1,2,4,0,124,13,4,0,1,1,3,0,0.0,0,0,0,0,1,0,2.0,0.0,2.0,3.0,2.0,0,0,0
0,3,0,0,0,1,13,9,2,2,4,0,91,7,4,0,0,0,14,0,0.0,4,6,1,0,10,0,11.0,0.0,5.0,14.0,7.0,0,0,0
0,3,1,1,1,2,6,4,0,1,3,4,108,21,4,0,3,2,14,0,0.0,0,3,1,0,9,0,4.0,0.0,20.0,5.0,2.0,0,0,0
2,3,3,3,2,1,3,10,0,2,4,2,614,3,1,0,1,1,5,0,0.0,0,4,0,0,12,0,2.0,0.0,1.0,9.0,3.0,0,2,1
3,3,0,3,0,1,4,0,2,0,4,0,218,0,0,0,0,1,3,0,0.0,0,6,1,0,2,0,1.0,0.0,2.0,9.0,5.0,3,2,3
4,3,0,6,0,3,10,10,0,1,5,6,271,35,2,1,5,4,27,0,0.0,0,1,0,0,9,0,10.0,0.0,29.0,26.0,11.0,0,0,0
0,3,6,0,4,2,5,1,1,1,5,6,342,21,1,0,4,5,6,2,2.0,0,0,1,0,6,0,6.0,0.0,0.0,7.0,7.0,0,0,0
4,3,2,4,1,3,13,3,0,2,2,0,224,3,3,1,0,1,13,0,0.0,0,4,1,0,4,0,5.0,0.0,9.0,11.0,4.0,3,0,0
5,5,6,4,5,3,10,2,0,1,4,0,5,4,1,0,3,4,15,1,1.0,0,3,0,0,10,0,7.0,0.0,9.0,15.0,9.0,0,0,0
4,3,1,4,1,1,3,1,1,1,4,0,10,8,1,1,0,0,16,0,0.0,0,2,0,0,1,0,6.0,0.0,3.0,17.0,7.0,3,5,4
2,3,2,2,1,2,4,5,1,1,2,4,369,21,1,0,0,0,10,0,0.0,0,5,1,0,3,0,5.0,0.0,6.0,9.0,5.0,0,0,0
7,3,3,8,2,0,10,7,0,1,5,2,519,9,1,0,4,5,9,0,0.0,0,0,0,0,10,0,6.0,0.0,0.0,13.0,4.0,0,0,0
3,3,2,4,1,3,0,3,1,1,3,4,260,21,3,0,1,2,12,0,0.0,0,6,0,0,5,2,8.0,0.0,9.0,21.0,21.0,0,0,0
4,5,5,4,4,1,0,10,0,2,5,0,531,14,5,0,2,3,12,0,0.0,0,6,1,0,3,0,7.0,0.0,11.0,15.0,7.0,2,1,0
0,3,5,0,4,2,9,3,0,2,3,0,375,2,2,0,0,1,13,0,0.0,0,3,1,0,5,0,6.0,0.0,3.0,18.0,7.0,3,0,0
2,3,1,2,0,1,7,8,0,0,3,0,528,22,2,0,2,1,10,0,0.0,0,0,0,0,4,0,0.0,0.0,10.0,12.0,6.0,1,2,3
0,3,1,0,0,0,0,10,0,0,5,4,726,0,1,0,4,5,11,1,1.0,0,2,0,0,10,0,5.0,0.0,2.0,24.0,14.0,2,0,0
1,3,0,1,0,2,3,5,0,1,3,4,280,9,1,0,5,4,6,0,0.0,0,3,0,0,5,0,2.0,0.0,9.0,5.0,5.0,3,0,0
3,5,2,2,3,2,0,2,0,0,4,0,487,47,4,0,1,1,10,2,2.0,0,5,0,0,11,0,4.0,0.0,6.0,19.0,13.0,0,0,0
3,3,2,4,2,3,10,10,1,2,4,0,277,8,2,0,3,3,5,0,0.0,0,3,0,0,10,0,2.0,0.0,5.0,6.0,3.0,3,0,0
3,5,5,4,4,1,0,10,0,2,5,0,619,11,5,0,2,2,8,0,0.0,0,6,0,0,4,0,6.0,0.0,6.0,8.0,4.0,0,0,0
5,3,3,6,3,3,10,10,0,1,4,5,171,8,1,0,3,3,7,0,0.0,0,1,1,0,11,0,3.0,0.0,2.0,8.0,6.0,0,0,0
2,3,2,2,2,1,8,10,0,2,4,0,508,2,4,0,0,1,15,0,0.0,0,6,1,0,8,0,10.0,0.0,14.0,22.0,13.0,3,2,1
0,3,1,1,1,0,11,7,2,1,5,0,36,13,2,0,4,5,8,1,0.0,0,5,0,0,7,0,6.0,0.0,5.0,10.0,6.0,0,0,0
4,5,5,5,4,3,10,10,1,2,2,4,337,14,3,1,0,0,12,0,0.0,0,4,0,0,9,0,7.0,0.0,8.0,16.0,12.0,0,0,0
1,3,3,2,2,1,13,10,0,1,5,0,255,9,2,0,1,2,13,0,0.0,0,6,1,0,9,0,6.0,0.0,6.0,17.0,9.0,0,2,2
1,3,1,1,1,3,10,7,1,0,4,0,80,21,4,0,3,3,7,0,0.0,0,2,0,0,8,0,4.0,0.0,3.0,8.0,5.0,0,0,0
6,5,3,5,2,1,2,10,0,2,4,4,511,13,3,0,3,4,9,1,0.0,0,9,0,0,12,0,4.0,0.0,6.0,7.0,4.0,0,0,0
4,3,0,5,0,2,3,6,0,2,3,0,64,14,3,0,6,7,18,0,0.0,0,1,0,0,4,0,11.0,0.0,7.0,21.0,10.0,3,4,1
1,3,4,1,4,4,11,6,0,1,3,0,456,21,5,0,1,2,13,1,1.0,0,2,1,0,6,0,8.0,0.0,5.0,30.0,16.0,0,1,0
0,3,1,0,1,3,0,10,1,2,5,4,548,36,3,0,0,0,21,0,0.0,0,4,0,0,3,0,14.0,0.0,8.0,27.0,19.0,0,0,0
0,3,1,0,1,3,4,9,1,0,4,8,212,7,1,2,3,4,8,0,0.0,0,6,0,0,3,0,5.0,0.0,6.0,8.0,6.0,1,0,0
0,3,0,0,0,4,11,3,0,0,1,5,19,14,1,3,2,1,9,0,0.0,0,0,1,0,10,0,5.0,0.0,6.0,9.0,5.0,0,0,0
0,3,2,1,2,4,0,0,1,1,3,0,484,21,5,1,1,1,11,0,0.0,0,4,0,0,7,0,5.0,0.0,7.0,18.0,9.0,0,0,1
6,5,3,4,3,3,8,10,0,1,3,0,247,32,3,0,2,1,19,0,0.0,0,7,1,0,4,0,10.0,0.0,7.0,24.0,17.0,0,0,0
7,5,5,6,4,0,6,7,0,2,3,0,72,10,3,0,2,1,10,0,0.0,0,7,0,0,4,0,4.0,0.0,8.0,12.0,5.0,5,1,2
5,5,5,5,5,0,7,10,2,2,5,4,153,11,4,0,0,0,7,0,0.0,0,7,1,0,4,0,5.0,0.0,11.0,8.0,5.0,0,0,0
0,3,3,0,3,3,10,6,1,2,3,5,499,13,3,0,1,1,5,0,0.0,0,6,1,0,4,3,2.0,0.0,5.0,10.0,10.0,0,0,0
2,3,1,3,1,3,13,3,0,1,4,4,116,14,2,0,0,0,14,0,0.0,0,6,1,0,3,0,4.0,0.0,14.0,11.0,7.0,3,4,1
1,3,3,2,3,3,0,10,2,1,3,0,476,5,3,0,2,2,4,0,0.0,0,9,1,0,11,0,4.0,0.0,1.0,5.0,2.0,0,0,0
2,3,6,3,5,0,9,9,1,2,5,11,21,13,0,0,4,4,3,0,0.0,0,8,1,0,3,0,2.0,0.0,4.0,10.0,0.0,1,1,0
2,5,4,2,4,3,6,3,2,0,4,0,116,14,2,0,5,4,9,0,0.0,0,1,0,0,11,0,1.0,0.0,5.0,12.0,3.0,2,3,1
0,3,0,0,0,3,0,3,1,0,5,4,53,19,2,0,1,2,5,0,0.0,0,2,1,0,9,0,1.0,0.0,24.0,4.0,4.0,1,0,1
1,3,4,2,3,1,7,10,0,2,3,0,64,14,3,0,2,2,12,0,0.0,0,6,1,0,8,0,7.0,0.0,9.0,12.0,6.0,2,1,1
2,3,1,2,1,3,10,10,0,2,4,0,72,10,2,0,0,2,13,0,0.0,0,1,0,0,9,0,5.0,0.0,4.0,22.0,9.0,1,1,1
7,3,1,8,1,2,4,7,0,1,4,4,162,2,4,0,3,2,18,0,0.0,1,4,0,0,7,0,4.0,0.0,7.0,22.0,19.0,0,0,0
1,3,0,1,0,0,10,2,0,2,5,0,180,32,0,0,5,5,11,0,0.0,0,1,1,0,2,0,6.0,0.0,28.0,22.0,16.0,2,0,0
2,5,2,2,2,3,9,6,2,1,4,0,265,7,4,0,0,1,16,0,0.0,0,3,0,0,4,0,7.0,0.0,5.0,20.0,14.0,1,3,4
1,3,3,1,2,0,2,3,1,1,3,0,103,36,4,0,0,0,24,1,1.0,0,1,0,0,5,3,12.0,0.0,8.0,53.0,17.0,0,0,0
6,3,2,7,3,5,4,10,0,2,4,1,60,30,5,0,0,0,14,0,0.0,2,6,1,0,7,0,5.0,0.0,17.0,15.0,8.0,0,0,0
0,3,2,0,1,3,0,10,1,1,5,0,185,3,2,0,0,0,13,0,0.0,0,7,1,0,1,0,7.0,0.0,9.0,9.0,7.0,3,0,0
1,3,2,1,2,1,12,9,1,1,5,0,31,2,5,0,4,5,6,0,0.0,0,9,1,0,8,0,4.0,0.0,8.0,5.0,4.0,3,0,0
1,3,0,0,0,3,12,7,0,2,5,5,286,16,1,0,6,7,7,0,0.0,0,1,0,0,12,0,2.0,0.0,4.0,9.0,7.0,0,1,0
4,3,0,4,1,3,3,10,0,0,4,0,97,12,2,1,4,4,16,0,0.0,0,3,0,0,4,0,9.0,0.0,2.0,18.0,6.0,3,1,0
3,5,4,3,3,3,6,10,0,1,3,1,241,7,4,0,4,3,15,0,0.0,0,5,1,0,10,0,5.0,0.0,24.0,14.0,11.0,0,0,0
0,3,0,0,0,1,3,1,1,1,5,5,492,36,0,0,0,2,7,0,0.0,0,1,0,0,9,0,4.0,0.0,10.0,11.0,5.0,3,0,0
5,3,4,6,3,3,4,0,1,2,3,4,741,13,1,0,4,5,12,0,0.0,1,6,1,0,5,0,9.0,0.0,1.0,13.0,8.0,3,3,2
3,5,5,3,5,3,2,10,0,2,4,0,371,7,7,0,3,4,12,0,0.0,0,5,0,0,8,0,8.0,0.0,7.0,11.0,4.0,4,0,0
2,5,3,2,3,1,10,9,0,1,3,0,337,14,3,0,3,4,9,0,0.0,1,6,0,0,1,0,7.0,0.0,7.0,16.0,8.0,3,0,0
1,3,0,2,0,3,0,10,0,0,4,0,785,38,1,1,4,3,11,0,0.0,0,2,1,0,6,0,3.0,0.0,8.0,19.0,7.0,2,0,0
4,3,1,5,1,1,2,0,0,2,4,2,138,0,5,0,1,1,7,0,0.0,0,5,1,0,6,0,2.0,0.0,8.0,8.0,5.0,0,0,0
0,3,0,0,0,3,4,2,1,0,6,9,160,4,2,0,0,2,5,0,0.0,0,4,0,0,1,0,3.0,0.0,11.0,5.0,5.0,3,0,1
5,3,2,6,1,0,0,10,0,2,3,4,414,0,3,0,1,3,15,0,0.0,0,4,1,0,7,0,10.0,0.0,6.0,20.0,14.0,1,3,3
5,5,4,4,4,3,10,0,0,1,3,0,414,0,2,0,2,3,10,0,0.0,0,5,0,0,1,0,6.0,0.0,5.0,7.0,3.0,5,3,0
4,5,3,3,2,1,4,4,0,1,4,4,416,19,3,0,1,2,12,0,0.0,0,6,1,0,11,0,8.0,0.0,9.0,24.0,18.0,0,0,0
1,3,0,1,0,1,0,10,1,0,4,0,17,13,1,0,0,0,5,0,0.0,0,3,1,0,3,0,1.0,0.0,4.0,10.0,5.0,2,2,3
3,3,3,3,2,4,10,8,1,0,3,0,37,23,4,0,1,2,9,0,0.0,0,7,1,0,6,0,5.0,0.0,5.0,9.0,5.0,0,0,0
1,3,2,2,2,1,0,0,1,1,6,4,408,14,3,0,3,4,17,0,0.0,0,4,1,0,2,0,10.0,0.0,7.0,13.0,5.0,0,0,0
0,3,3,1,2,4,0,6,1,1,5,0,195,38,3,0,4,4,8,0,0.0,0,1,1,0,5,0,1.0,0.0,8.0,3.0,3.0,0,0,0
3,5,2,3,1,4,2,2,0,1,1,0,841,42,3,0,1,2,10,0,0.0,0,3,1,0,4,0,5.0,0.0,6.0,9.0,5.0,0,0,0
5,3,8,7,5,3,9,10,0,1,6,0,524,20,2,0,0,0,11,1,1.0,0,4,1,0,12,0,5.0,0.0,2.0,17.0,13.0,1,4,1
1,3,0,1,0,3,4,0,0,0,6,0,191,5,0,0,1,3,14,0,0.0,0,2,0,0,2,0,9.0,0.0,4.0,16.0,6.0,0,1,1
2,3,1,2,1,3,12,8,1,0,4,4,121,14,0,0,2,3,5,0,0.0,0,6,0,0,3,0,5.0,0.0,2.0,11.0,6.0,0,0,0
0,3,4,1,4,1,10,1,0,0,3,0,418,45,2,0,0,0,11,0,0.0,0,7,1,0,10,0,7.0,0.0,6.0,15.0,9.0,2,1,1
3,5,6,3,4,0,3,10,0,0,5,4,113,22,4,0,0,0,13,0,0.0,0,4,0,0,12,0,5.0,0.0,6.0,13.0,10.0,2,2,1
2,3,2,2,1,3,4,2,1,0,3,4,162,2,3,4,2,2,25,0,0.0,0,3,1,0,5,0,20.0,0.0,10.0,38.0,22.0,1,0,0
1,5,3,1,2,3,4,10,0,0,5,2,674,11,3,15,2,2,25,0,0.0,0,1,0,0,9,0,3.0,0.0,23.0,9.0,8.0,3,1,1
7,3,3,9,3,4,5,10,1,1,5,4,109,21,1,0,4,3,11,0,0.0,0,3,1,0,6,0,4.0,0.0,6.0,14.0,5.0,3,1,1
1,3,2,2,2,4,0,1,1,1,4,0,177,26,0,0,3,2,12,0,0.0,0,2,0,0,9,0,5.0,0.0,6.0,8.0,5.0,1,1,0
3,3,0,3,0,3,4,8,0,0,4,0,241,7,5,0,5,7,23,0,0.0,0,1,0,0,12,0,5.0,0.0,9.0,25.0,17.0,0,0,0
1,3,4,1,3,3,10,10,1,2,4,1,429,8,2,0,2,2,6,1,1.0,0,0,1,0,2,0,2.0,0.0,11.0,7.0,4.0,3,1,0
2,5,4,1,3,3,9,7,0,2,3,4,79,2,4,0,2,2,10,1,1.0,0,7,1,0,11,3,5.0,0.0,6.0,10.0,8.0,0,0,0
2,5,4,2,4,3,0,10,1,2,4,0,73,23,4,0,3,3,17,1,1.0,0,5,0,0,5,0,10.0,0.0,9.0,15.0,9.0,1,2,3
2,3,2,2,1,4,3,7,2,2,2,0,25,13,1,0,3,2,10,0,0.0,0,6,1,0,5,0,9.0,0.0,0.0,18.0,15.0,1,0,0
2,3,0,3,0,3,0,0,0,0,4,2,64,14,2,0,3,4,11,0,0.0,0,6,0,0,11,0,6.0,0.0,4.0,16.0,12.0,0,0,0
1,3,0,1,0,1,4,10,1,0,6,3,222,12,3,0,4,5,21,0,0.0,0,2,1,0,3,0,2.0,0.0,25.0,6.0,2.0,3,0,0
3,3,2,3,2,1,6,3,0,0,4,0,4,3,0,1,1,2,8,2,0.0,0,3,1,0,3,0,3.0,0.0,4.0,13.0,6.0,2,0,0
3,5,6,3,5,1,4,9,0,1,4,0,329,18,5,0,0,0,19,1,1.0,0,4,1,0,7,0,11.0,0.0,8.0,21.0,8.0,0,0,0
0,3,1,0,1,3,4,2,1,0,6,0,83,15,4,0,1,1,23,0,0.0,0,0,0,0,1,0,5.0,0.0,15.0,15.0,11.0,1,0,0
1,3,3,1,2,4,0,2,0,1,6,2,19,14,3,0,0,0,23,0,0.0,0,4,0,0,2,0,8.0,0.0,34.0,18.0,2.0,2,0,0
2,5,3,1,2,3,9,10,1,0,5,4,140,8,3,0,3,3,9,1,1.0,0,5,0,0,7,0,4.0,0.0,6.0,15.0,6.0,0,0,0
2,3,1,3,1,3,2,10,1,2,4,0,20,15,4,0,4,4,6,0,0.0,0,5,1,0,7,0,3.0,0.0,3.0,5.0,3.0,0,0,0
6,3,2,5,1,3,11,10,0,1,4,4,138,0,3,0,4,3,9,0,0.0,0,4,1,0,7,0,4.0,0.0,4.0,15.0,9.0,3,6,5
4,3,2,5,2,5,10,4,2,1,5,0,301,21,0,0,1,3,7,0,0.0,0,3,0,0,5,0,3.0,0.0,2.0,9.0,3.0,0,0,0
0,3,2,0,2,3,3,7,2,0,3,0,243,13,3,0,0,1,13,0,0.0,0,3,1,0,5,0,8.0,0.0,2.0,16.0,8.0,2,0,0
0,3,1,0,1,0,0,10,1,2,4,7,455,13,3,0,3,2,10,0,0.0,0,3,0,0,3,0,4.0,0.0,6.0,13.0,6.0,3,0,0
2,5,2,2,2,3,9,2,1,2,5,4,119,0,2,0,3,4,12,0,0.0,0,5,0,0,8,0,6.0,0.0,12.0,8.0,6.0,5,0,0
2,5,1,2,1,1,4,5,2,1,4,2,238,22,2,0,0,0,13,0,0.0,0,8,0,0,9,0,2.0,0.0,24.0,9.0,4.0,4,1,0
1,3,2,2,2,5,3,10,2,1,4,4,36,13,4,1,3,3,16,1,1.0,0,7,1,0,3,0,15.0,0.0,5.0,19.0,11.0,2,1,0
5,5,3,5,3,4,0,6,0,2,4,0,486,29,2,0,1,2,8,0,0.0,0,7,0,0,5,0,6.0,0.0,8.0,13.0,10.0,3,6,0
2,3,0,2,0,4,2,5,0,0,5,8,153,11,3,0,2,3,13,0,0.0,0,1,0,0,3,0,7.0,0.0,6.0,19.0,13.0,0,0,0
1,3,1,2,1,2,4,7,1,0,4,0,568,0,3,0,5,4,6,0,0.0,0,2,0,0,12,0,3.0,0.0,6.0,7.0,3.0,3,2,0
3,3,2,4,2,1,0,8,0,2,3,1,190,17,4,0,3,3,20,1,0.0,0,5,1,0,1,0,11.0,0.0,5.0,28.0,14.0,3,0,0
3,3,4,4,4,1,10,1,1,1,4,0,49,12,3,0,0,0,24,0,0.0,0,1,1,0,5,0,9.0,0.0,3.0,22.0,16.0,2,1,0
1,3,2,1,1,4,6,10,0,2,4,0,427,21,4,0,2,3,8,1,1.0,0,6,0,0,11,0,3.0,0.0,6.0,20.0,14.0,0,0,0
1,3,0,1,0,1,11,4,0,0,3,2,597,11,2,0,1,1,8,0,0.0,0,2,1,0,1,0,3.0,0.0,3.0,17.0,3.0,3,0,0
4,3,1,5,1,3,9,3,0,1,3,4,57,9,0,0,3,4,13,0,0.0,0,3,1,0,8,0,8.0,0.0,8.0,25.0,21.0,0,0,0
1,3,1,1,1,0,4,10,0,0,5,0,195,38,3,0,1,2,17,1,1.0,0,4,0,0,9,0,13.0,0.0,3.0,22.0,13.0,2,0,0
1,3,1,1,1,3,2,5,2,1,5,0,62,13,2,0,0,1,10,0,0.0,0,6,0,0,1,0,8.0,0.0,1.0,13.0,8.0,0,0,0
1,3,2,2,1,5,10,1,0,0,4,9,235,8,2,0,3,4,8,0,0.0,0,6,1,0,4,0,4.0,0.0,7.0,6.0,5.0,3,1,0
1,3,3,2,3,1,2,10,1,0,3,0,275,8,3,0,3,4,20,1,1.0,0,6,1,0,7,0,18.0,0.0,2.0,25.0,6.0,0,0,0
2,3,4,3,3,0,10,1,2,1,4,0,468,0,3,0,4,4,9,0,0.0,0,3,1,0,8,0,1.0,0.0,18.0,4.0,0.0,0,0,0
3,3,1,3,1,2,0,10,0,1,2,0,590,8,1,0,3,4,15,0,0.0,0,3,1,0,11,0,5.0,0.0,6.0,9.0,5.0,3,1,1
2,3,2,3,2,0,7,2,2,1,4,0,108,21,4,0,2,3,13,0,0.0,0,1,0,0,2,0,6.0,0.0,6.0,26.0,22.0,0,0,0
3,3,3,3,3,2,8,10,1,1,4,0,38,21,3,0,1,1,9,1,0.0,0,6,0,0,5,0,5.0,0.0,4.0,19.0,7.0,1,0,1
1,3,0,0,0,0,12,1,1,0,5,4,275,8,2,1,2,2,17,0,0.0,0,4,0,0,8,0,5.0,0.0,15.0,9.0,3.0,3,0,0
2,5,3,1,3,3,9,10,1,1,4,0,705,19,3,0,1,2,8,1,1.0,0,5,0,0,6,0,3.0,0.0,8.0,9.0,6.0,1,1,0
0,3,2,1,2,2,0,10,1,1,4,9,79,2,1,0,4,5,9,0,0.0,0,1,1,0,10,0,6.0,0.0,19.0,9.0,2.0,1,0,0
2,3,5,2,4,3,10,7,1,1,3,7,435,36,1,0,3,4,5,0,0.0,0,7,1,0,5,0,3.0,0.0,3.0,4.0,2.0,0,0,0
1,3,1,1,1,3,6,10,1,0,5,0,479,8,5,0,5,6,9,0,0.0,0,2,0,0,7,0,5.0,0.0,4.0,18.0,13.0,2,1,1
1,3,1,1,1,3,4,10,0,1,5,4,474,14,1,2,1,2,11,0,0.0,0,4,0,0,1,0,9.0,0.0,6.0,19.0,5.0,3,0,0
1,3,3,2,2,3,10,10,1,2,3,2,141,13,2,0,1,1,9,1,1.0,0,5,1,0,1,0,7.0,0.0,0.0,12.0,6.0,3,2,2
3,3,1,3,1,3,9,10,0,0,4,0,68,15,3,0,0,0,11,0,0.0,0,5,0,0,9,0,6.0,0.0,6.0,10.0,9.0,0,4,5
2,3,1,2,1,0,10,10,1,0,4,4,710,45,3,0,2,2,11,1,1.0,0,5,1,0,4,0,8.0,0.0,9.0,14.0,10.0,0,0,0
3,3,2,4,1,1,9,6,0,2,2,0,521,24,3,0,0,0,11,0,0.0,0,6,1,0,3,0,7.0,0.0,15.0,14.0,9.0,0,0,0
3,5,3,3,3,3,9,6,1,2,3,0,500,27,1,0,0,1,6,0,0.0,0,7,1,0,10,0,3.0,0.0,3.0,7.0,6.0,0,0,0
2,3,0,2,0,3,8,10,0,0,3,0,308,0,2,0,4,4,6,0,0.0,1,7,1,0,11,0,3.0,0.0,14.0,7.0,3.0,1,3,2
2,5,3,2,2,0,2,10,0,0,5,0,402,0,3,0,1,2,7,0,0.0,0,8,0,0,7,0,3.0,0.0,6.0,13.0,9.0,2,0,0
5,3,2,6,2,1,0,4,0,2,5,2,131,6,1,0,0,1,14,1,1.0,0,3,1,0,5,0,7.0,0.0,9.0,14.0,8.0,0,0,0
2,5,3,2,3,3,4,4,0,2,4,0,792,13,6,0,0,0,8,1,1.0,0,3,0,0,10,0,5.0,0.0,12.0,13.0,10.0,0,0,0
1,3,3,2,3,3,11,10,0,1,4,0,413,37,3,0,2,3,9,0,0.0,0,7,1,0,5,0,5.0,0.0,6.0,6.0,4.0,0,0,0
2,3,2,3,1,3,9,2,1,2,0,0,491,30,2,0,5,5,10,0,0.0,0,4,1,0,9,0,5.0,0.0,6.0,9.0,5.0,0,0,0
3,5,3,2,2,4,2,10,0,1,4,0,548,36,2,0,0,0,14,1,1.0,0,6,0,0,12,0,7.0,0.0,1.0,28.0,14.0,5,3,1
4,3,0,6,0,4,8,10,2,1,5,0,70,32,3,0,3,3,16,0,0.0,0,4,1,0,11,0,9.0,0.0,5.0,14.0,10.0,0,0,0
4,5,5,3,4,3,8,7,0,0,4,0,757,15,5,0,3,3,13,1,1.0,0,6,0,0,10,0,4.0,0.0,23.0,6.0,4.0,4,2,1
4,3,0,5,0,3,0,6,1,1,4,0,74,30,1,0,1,2,16,0,0.0,0,3,0,0,7,0,5.0,0.0,13.0,20.0,12.0,2,4,5
1,3,4,2,2,1,2,3,0,2,3,0,573,19,0,0,1,2,12,4,4.0,0,5,1,0,11,3,5.0,0.0,12.0,11.0,8.0,3,0,0
0,3,3,0,2,4,0,10,0,2,4,0,410,8,5,0,3,3,11,0,0.0,0,7,1,0,6,0,8.0,0.0,4.0,27.0,12.0,0,0,0
2,3,2,2,1,1,7,10,2,2,2,4,284,13,5,0,3,4,11,0,0.0,0,6,1,0,10,0,10.0,0.0,0.0,19.0,13.0,3,0,0
1,3,0,1,0,1,11,10,0,0,3,0,249,36,1,0,6,5,10,0,0.0,0,0,1,0,6,0,4.0,0.0,2.0,10.0,3.0,3,0,1
2,3,1,2,1,3,3,1,2,1,6,0,253,21,2,0,2,2,16,0,0.0,0,3,0,0,10,0,11.0,0.0,5.0,16.0,13.0,3,2,3
4,5,3,3,3,0,0,10,0,1,4,4,500,27,5,0,0,0,9,0,0.0,0,8,1,0,5,0,5.0,0.0,7.0,9.0,4.0,0,0,0
6,3,1,7,1,2,10,0,0,1,2,0,327,14,1,0,5,6,8,0,0.0,0,3,1,0,9,0,2.0,0.0,13.0,20.0,11.0,0,3,0
2,3,2,3,1,3,7,1,1,2,4,0,427,21,1,0,3,4,5,0,0.0,0,3,0,0,7,0,4.0,0.0,1.0,9.0,7.0,1,3,4
0,3,5,0,4,1,7,2,1,0,3,0,731,0,3,1,1,1,10,0,0.0,0,6,1,0,4,0,3.0,0.0,10.0,13.0,6.0,0,0,0
0,3,2,1,2,3,8,3,1,1,5,7,108,21,2,5,1,2,2,0,0.0,0,8,0,0,3,0,0.0,0.0,8.0,11.0,7.0,3,1,1
0,3,2,0,2,2,0,10,1,1,5,5,323,12,3,0,0,1,15,3,3.0,0,0,0,0,10,0,4.0,0.0,2.0,17.0,7.0,1,0,0
1,3,4,1,3,3,4,10,1,1,6,0,250,37,3,0,1,3,13,0,0.0,0,5,0,0,7,0,11.0,0.0,2.0,12.0,4.0,0,0,0
0,3,4,0,3,3,11,10,1,2,3,10,25,13,1,0,4,5,8,2,1.0,0,3,1,0,11,0,5.0,0.0,5.0,18.0,11.0,3,0,0
1,3,1,1,1,3,7,0,1,2,5,0,167,8,1,1,1,2,20,0,0.0,0,2,0,0,12,0,4.0,0.0,22.0,17.0,8.0,0,0,0
5,3,2,7,1,0,7,10,0,2,4,4,491,30,1,0,1,2,10,0,0.0,0,8,0,0,9,0,8.0,0.0,2.0,12.0,7.0,0,0,0
4,3,5,5,4,3,3,10,0,2,4,0,341,14,5,1,1,1,18,0,0.0,0,6,1,0,3,0,4.0,0.0,8.0,39.0,12.0,0,4,4
4,3,3,6,3,5,13,10,1,2,0,0,167,8,3,0,0,1,20,0,0.0,1,9,1,0,4,0,5.0,0.0,6.0,9.0,5.0,0,0,0
6,3,0,5,0,3,9,10,0,0,5,2,362,35,1,0,6,7,3,0,0.0,6,0,0,0,9,0,2.0,0.0,8.0,8.0,4.0,0,0,0
0,3,1,0,1,2,4,10,0,1,4,0,145,8,5,0,3,3,17,0,0.0,0,6,1,0,11,0,9.0,0.0,5.0,16.0,8.0,0,0,0
2,3,3,2,2,1,3,10,0,2,5,0,619,11,1,0,3,2,9,0,0.0,0,0,0,0,5,0,0.0,0.0,7.0,10.0,9.0,1,0,0
0,3,2,0,2,2,13,10,0,2,4,0,477,7,1,2,1,2,12,0,0.0,0,4,0,0,7,0,10.0,0.0,2.0,17.0,5.0,3,0,0
1,3,3,2,2,1,8,10,2,0,6,0,421,3,2,0,1,1,13,0,0.0,0,0,0,0,4,0,2.0,0.0,10.0,32.0,8.0,3,0,0
4,3,1,4,1,3,2,10,0,1,5,0,139,8,2,0,1,2,15,0,0.0,0,3,0,0,6,0,7.0,0.0,2.0,28.0,18.0,3,0,1
2,5,5,2,3,3,9,9,2,1,5,0,493,42,4,0,4,5,15,0,0.0,0,2,0,0,9,0,5.0,0.0,7.0,20.0,10.0,4,3,1
1,3,1,1,1,3,11,3,1,1,3,0,131,6,3,0,2,3,5,0,0.0,0,4,1,0,11,0,3.0,0.0,6.0,4.0,2.0,1,0,0
2,3,2,2,2,3,8,3,0,0,0,2,62,13,1,0,4,4,8,0,0.0,0,3,1,0,8,2,5.0,0.0,6.0,9.0,5.0,0,0,0
5,5,3,5,3,1,0,3,0,2,3,0,345,20,2,0,0,1,6,0,0.0,0,7,1,0,8,0,3.0,0.0,9.0,13.0,7.0,0,0,0
1,3,3,2,3,1,9,6,1,0,3,0,235,8,3,0,3,4,7,0,0.0,0,2,1,0,4,0,4.0,0.0,6.0,5.0,3.0,0,0,0
1,3,0,2,0,1,4,0,1,0,4,4,34,18,1,0,4,5,15,0,0.0,0,0,1,0,8,0,3.0,0.0,15.0,8.0,4.0,2,2,2
2,3,1,3,0,1,0,10,1,0,3,0,212,7,2,0,0,1,11,0,0.0,0,4,0,0,10,3,9.0,0.0,2.0,15.0,6.0,3,3,4
1,3,1,1,1,3,4,10,0,1,5,0,294,16,2,0,3,2,8,0,0.0,0,4,0,0,12,0,6.0,0.0,4.0,6.0,3.0,0,0,0
0,3,3,1,2,1,11,10,1,1,5,4,160,4,2,0,2,2,13,1,1.0,0,4,1,0,2,0,8.0,0.0,9.0,12.0,5.0,3,0,0
2,3,2,2,2,3,10,10,2,0,5,4,406,8,3,0,3,3,10,1,1.0,0,5,0,0,12,0,5.0,0.0,4.0,24.0,18.0,0,0,0
0,3,2,0,2,3,8,10,1,2,4,5,141,13,0,0,2,3,2,0,0.0,0,7,1,0,9,0,2.0,0.0,0.0,5.0,5.0,3,0,0
2,3,1,2,1,3,9,10,1,1,5,0,394,35,4,0,1,0,13,1,0.0,0,5,0,0,5,0,6.0,0.0,11.0,12.0,7.0,0,0,0
3,5,4,3,4,3,6,7,0,2,2,0,196,14,3,0,1,2,9,0,0.0,0,8,1,0,1,0,8.0,0.0,6.0,18.0,10.0,0,1,0
2,3,2,2,2,3,2,10,1,0,4,0,177,26,1,0,2,2,16,0,0.0,0,4,0,0,4,0,14.0,0.0,5.0,27.0,21.0,0,0,0
1,3,0,0,0,3,4,4,1,0,4,0,306,26,2,0,1,2,13,0,0.0,0,8,0,0,10,0,5.0,0.0,16.0,22.0,19.0,3,0,1
4,5,1,2,1,0,10,7,0,1,4,4,162,2,1,2,0,0,12,0,0.0,0,0,0,0,4,0,0.0,0.0,5.0,6.0,5.0,0,0,0
1,3,0,1,0,1,6,10,1,2,3,0,473,8,4,0,3,3,13,0,0.0,0,1,1,0,1,0,4.0,0.0,9.0,17.0,9.0,3,1,0
1,5,1,1,1,3,13,10,2,2,0,8,35,14,3,0,4,4,7,0,0.0,2,0,1,0,5,1,5.0,0.0,6.0,9.0,5.0,0,0,0
0,3,3,0,2,3,4,2,1,0,3,3,17,13,0,15,3,4,16,0,0.0,0,1,1,0,9,0,2.0,0.0,34.0,5.0,4.0,0,0,0
3,3,1,3,1,1,13,10,0,1,4,0,336,44,1,1,0,1,8,0,0.0,0,5,1,0,8,0,4.0,0.0,11.0,21.0,13.0,0,0,0
3,3,2,3,1,1,12,3,1,1,4,4,253,21,2,0,1,1,5,0,0.0,0,6,0,0,8,0,4.0,0.0,3.0,12.0,8.0,1,3,0
7,3,6,9,4,3,11,10,0,2,5,5,240,21,3,0,0,0,8,2,1.0,0,1,0,0,1,0,3.0,0.0,4.0,9.0,4.0,0,0,0
2,3,0,2,0,3,6,4,1,1,4,0,19,14,2,4,4,3,8,0,0.0,0,5,0,0,10,0,6.0,0.0,5.0,10.0,7.0,3,0,0
4,5,4,3,4,1,9,8,0,2,3,5,672,39,2,0,0,0,20,1,1.0,0,5,0,0,11,0,7.0,0.0,25.0,14.0,12.0,5,0,0
1,3,2,2,2,0,0,0,1,1,3,0,261,8,4,0,2,3,11,0,0.0,0,6,1,0,1,0,3.0,0.0,3.0,14.0,6.0,3,0,0
4,5,1,3,1,1,2,0,0,1,4,0,81,15,3,0,1,1,14,0,0.0,2,3,0,0,10,0,3.0,0.0,17.0,11.0,5.0,4,0,0
0,3,1,1,1,1,0,0,0,0,4,4,29,19,7,0,4,4,20,0,0.0,0,4,1,0,9,0,2.0,0.0,33.0,7.0,2.0,3,1,0
2,3,1,2,1,3,6,10,0,0,3,4,268,8,1,0,0,1,6,1,1.0,0,6,1,0,2,0,3.0,0.0,6.0,28.0,16.0,3,0,1
0,3,2,1,3,3,3,0,1,1,4,0,235,8,4,0,1,3,14,0,0.0,0,5,1,0,9,0,7.0,0.0,4.0,12.0,8.0,3,1,0
1,3,1,2,1,1,4,4,1,1,5,0,4,3,1,0,4,3,11,0,0.0,0,2,0,0,3,0,7.0,0.0,1.0,12.0,10.0,3,1,0
5,5,2,3,1,4,9,10,0,2,2,0,616,0,1,1,1,1,9,1,1.0,0,5,1,0,12,0,6.0,0.0,11.0,6.0,6.0,0,2,2
7,5,4,6,3,3,3,10,0,1,4,0,538,14,5,0,3,3,12,0,0.0,1,6,0,0,5,0,8.0,0.0,16.0,22.0,11.0,0,0,0
3,3,1,3,1,3,3,10,1,0,3,4,162,2,1,0,2,2,2,0,0.0,0,5,0,0,3,0,2.0,0.0,5.0,3.0,2.0,0,3,1
5,3,0,4,0,3,4,6,0,2,2,5,539,42,2,0,2,2,9,0,0.0,0,1,1,0,6,6,5.0,0.0,6.0,9.0,5.0,2,3,0
0,3,3,0,2,3,0,10,0,0,3,0,480,8,4,2,2,2,6,0,0.0,0,7,1,0,10,0,4.0,0.0,1.0,9.0,4.0,2,0,0
0,3,2,0,2,1,7,0,0,0,4,4,310,24,3,0,2,1,10,0,0.0,0,3,0,0,8,0,3.0,0.0,3.0,10.0,7.0,1,0,0
2,5,6,3,4,3,10,10,1,0,6,0,21,13,6,0,0,1,14,0,0.0,0,4,0,0,2,0,8.0,0.0,7.0,22.0,14.0,0,0,0
4,5,3,3,2,5,2,6,0,0,4,0,249,36,5,0,5,5,11,0,0.0,0,4,0,0,9,0,5.0,0.0,9.0,14.0,7.0,3,0,0
0,3,0,1,0,1,10,1,0,1,5,0,29,19,4,0,3,3,22,1,1.0,0,1,0,0,4,0,8.0,0.0,10.0,30.0,12.0,0,1,1
7,3,6,8,5,4,6,10,0,1,4,4,41,25,6,0,1,3,20,0,0.0,1,6,1,0,7,0,15.0,0.0,7.0,24.0,10.0,2,5,7
1,3,0,2,0,3,0,0,1,1,2,0,171,8,4,0,3,3,8,0,0.0,0,7,1,0,1,0,5.0,0.0,6.0,9.0,5.0,2,1,1
2,3,0,3,0,2,13,0,1,0,3,0,186,9,2,0,0,1,14,0,0.0,0,7,1,0,2,0,2.0,0.0,11.0,9.0,6.0,1,1,2
0,3,3,1,2,3,13,7,1,1,5,5,112,23,2,0,2,3,7,0,0.0,0,3,0,0,11,0,6.0,0.0,1.0,7.0,4.0,0,0,0
2,3,0,2,0,1,11,2,1,0,4,0,72,10,3,0,1,2,19,1,1.0,0,2,0,0,7,0,14.0,0.0,25.0,18.0,8.0,0,0,0
1,3,7,2,5,1,13,10,0,1,5,4,623,13,4,0,1,2,23,1,0.0,0,5,1,0,4,0,16.0,0.0,5.0,34.0,16.0,0,0,0
3,5,4,2,3,3,2,5,0,0,3,0,71,9,3,0,0,0,7,0,0.0,0,6,0,0,12,0,4.0,0.0,6.0,11.0,7.0,3,3,5
2,3,2,3,1,2,10,10,2,0,2,0,629,20,2,0,0,1,7,0,0.0,0,8,1,0,1,0,3.0,0.0,5.0,9.0,8.0,3,2,0
0,3,1,0,1,2,10,10,0,1,4,0,176,3,1,0,0,1,5,1,0.0,0,5,0,0,11,0,2.0,0.0,8.0,9.0,4.0,0,0,0
0,3,1,0,1,3,9,10,0,1,3,0,63,14,2,0,1,1,12,0,0.0,0,2,1,0,9,0,9.0,0.0,4.0,21.0,2.0,0,0,0
2,3,1,2,1,1,8,3,0,1,3,0,643,45,2,0,3,3,10,0,0.0,0,5,1,0,5,0,4.0,0.0,9.0,10.0,6.0,3,2,1
2,3,4,2,3,0,3,3,1,1,4,0,295,8,5,0,3,2,11,0,0.0,0,7,0,0,11,0,6.0,0.0,1.0,10.0,6.0,3,1,1
0,3,1,0,0,0,4,10,1,2,5,0,106,12,3,0,1,1,10,0,0.0,0,3,1,0,1,0,5.0,0.0,6.0,16.0,9.0,0,0,0
1,3,3,2,2,4,13,2,1,2,3,12,17,13,2,0,0,1,16,0,0.0,0,8,1,0,12,0,3.0,0.0,29.0,12.0,7.0,0,0,0
0,3,0,0,0,3,2,10,0,1,0,0,775,16,0,0,5,6,8,0,0.0,0,1,1,0,6,0,5.0,0.0,6.0,9.0,5.0,0,0,0
2,3,1,2,1,3,8,10,0,1,5,4,167,8,3,1,0,1,11,0,0.0,0,4,1,0,10,0,4.0,0.0,2.0,8.0,3.0,1,2,0
0,3,3,1,2,3,11,0,1,0,3,0,580,40,2,0,0,1,3,0,0.0,0,5,1,0,2,0,1.0,0.0,6.0,5.0,3.0,3,1,1
2,3,2,3,2,0,2,1,0,1,4,2,176,3,1,2,0,1,5,2,0.0,0,3,0,0,5,0,3.0,0.0,14.0,4.0,4.0,0,0,0
2,3,2,2,1,0,2,2,2,0,3,0,492,36,2,2,1,1,10,0,0.0,0,7,1,0,4,0,4.0,0.0,9.0,22.0,20.0,2,2,0
4,3,2,7,2,1,8,2,0,2,4,4,134,8,2,0,1,1,9,0,0.0,0,9,1,0,8,0,7.0,0.0,6.0,7.0,7.0,0,3,2
3,3,2,3,2,1,1,10,0,0,4,0,349,44,4,0,2,3,12,1,1.0,0,3,0,0,3,0,6.0,0.0,7.0,13.0,3.0,2,4,3
4,5,2,3,2,3,10,10,0,2,3,0,418,45,1,0,0,1,10,0,0.0,0,5,1,0,12,0,5.0,0.0,5.0,12.0,8.0,0,5,7
2,3,1,2,2,1,4,10,1,1,4,0,51,13,1,1,3,4,22,4,1.0,0,5,0,0,5,0,15.0,0.0,3.0,22.0,12.0,0,0,0
1,3,3,1,2,1,9,2,1,1,5,0,298,30,0,1,2,3,3,0,0.0,0,5,0,0,11,0,3.0,0.0,0.0,3.0,2.0,0,0,0
1,3,1,2,1,1,4,7,0,0,3,0,91,7,4,0,3,4,16,0,0.0,0,5,0,0,11,0,5.0,0.0,16.0,12.0,7.0,3,1,1
2,3,0,2,0,1,0,0,0,0,3,4,19,14,4,0,5,6,14,0,0.0,0,2,0,0,12,0,3.0,0.0,9.0,20.0,15.0,1,0,0
1,3,2,2,1,1,9,1,0,0,2,12,369,21,2,0,0,1,11,0,0.0,0,8,1,0,3,0,5.0,0.0,6.0,9.0,5.0,3,2,2
7,3,0,7,0,2,2,10,0,2,4,4,231,43,4,0,0,0,18,1,0.0,2,4,1,0,11,0,11.0,0.0,13.0,18.0,12.0,3,3,4
5,5,1,5,1,1,8,10,0,2,3,0,98,19,4,0,2,1,15,0,0.0,1,6,0,0,4,0,10.0,0.0,11.0,16.0,9.0,3,0,0
2,3,2,2,2,3,11,10,0,2,2,4,581,24,3,0,0,0,17,0,0.0,0,3,1,0,12,0,5.0,0.0,15.0,28.0,10.0,0,0,0
2,3,1,2,0,3,6,4,0,0,0,4,129,30,0,0,2,2,16,0,0.0,0,0,1,0,1,0,5.0,0.0,6.0,9.0,5.0,0,0,0
2,3,0,3,0,3,1,6,2,0,2,4,386,19,4,2,3,3,22,0,0.0,0,1,0,0,5,0,6.0,0.0,22.0,20.0,10.0,0,0,0
0,3,0,0,0,3,11,3,1,1,1,9,100,4,0,0,2,2,5,0,0.0,0,0,1,0,7,0,5.0,0.0,6.0,9.0,5.0,3,0,0
1,3,1,1,1,1,0,8,0,0,3,8,235,8,3,0,2,2,13,0,0.0,2,7,1,0,11,0,10.0,0.0,6.0,16.0,9.0,0,0,0
0,3,2,0,1,1,0,1,2,0,2,0,166,8,1,0,0,0,6,0,0.0,0,9,1,0,12,0,1.0,0.0,2.0,7.0,5.0,1,0,0
0,3,2,0,2,4,0,10,1,1,4,4,264,30,4,0,3,3,7,0,0.0,0,2,0,0,12,0,5.0,0.0,0.0,7.0,6.0,2,0,0
2,3,2,3,2,3,9,10,1,2,4,0,134,8,3,0,0,0,11,0,0.0,0,2,0,0,4,0,4.0,0.0,6.0,14.0,8.0,0,0,0
2,5,2,1,1,3,6,0,0,1,3,3,526,20,1,1,4,4,9,0,0.0,0,1,0,0,7,0,2.0,0.0,4.0,7.0,2.0,4,2,0
2,5,2,1,2,1,11,10,1,1,3,0,64,14,1,4,2,2,19,0,0.0,0,1,0,0,10,0,9.0,0.0,14.0,37.0,15.0,0,0,0
2,5,5,2,4,1,7,2,0,2,4,4,99,8,0,0,1,2,6,0,0.0,0,2,0,0,2,0,4.0,0.0,3.0,5.0,4.0,0,0,0
2,3,2,2,2,3,0,1,0,0,5,0,159,21,2,0,2,2,9,0,0.0,0,7,0,0,5,0,4.0,0.0,7.0,9.0,6.0,0,0,0
1,5,2,1,2,1,12,2,2,1,4,5,17,13,2,0,0,0,11,0,0.0,0,1,0,0,10,0,3.0,0.0,7.0,6.0,2.0,0,0,0
2,3,4,2,3,3,4,10,2,2,4,0,395,44,2,0,1,2,7,0,0.0,0,1,0,0,3,0,6.0,0.0,1.0,19.0,15.0,0,0,0
1,3,2,2,2,3,2,1,1,0,4,8,203,30,1,1,1,2,8,0,0.0,0,5,1,0,10,0,4.0,0.0,4.0,5.0,1.0,0,0,0
1,5,2,1,1,2,12,10,2,0,6,2,736,31,0,0,4,5,5,1,1.0,0,2,0,0,10,0,2.0,0.0,3.0,5.0,3.0,0,0,0
4,5,4,4,4,2,10,7,0,1,3,0,185,3,2,1,3,4,8,0,0.0,0,7,0,0,6,0,6.0,0.0,6.0,9.0,6.0,0,0,0
2,3,2,2,2,3,0,10,0,2,5,0,72,10,3,0,1,1,10,0,0.0,0,4,0,0,11,0,5.0,0.0,5.0,7.0,5.0,3,1,0
2,3,3,2,2,3,3,4,0,0,3,0,149,22,1,0,0,1,9,1,1.0,0,6,1,0,6,0,6.0,0.0,5.0,12.0,6.0,2,1,0
1,3,3,1,3,0,9,10,1,2,4,0,64,14,2,0,0,1,11,0,0.0,0,3,1,0,12,0,5.0,0.0,6.0,10.0,6.0,3,1,0
2,3,3,3,3,3,0,9,0,0,5,0,605,48,3,0,4,4,10,0,0.0,0,8,0,0,11,0,3.0,0.0,12.0,12.0,5.0,3,2,1
5,5,4,5,4,3,6,10,0,1,4,4,796,39,6,0,1,2,21,0,0.0,0,7,1,0,10,0,13.0,0.0,16.0,31.0,16.0,2,6,7
6,3,3,7,3,3,9,10,0,2,4,0,149,22,3,0,4,3,25,0,0.0,0,3,1,0,8,0,17.0,0.0,7.0,28.0,12.0,0,0,0
1,3,4,1,4,0,5,10,0,2,4,0,369,21,3,0,1,3,8,1,1.0,0,2,1,0,12,0,4.0,0.0,1.0,14.0,6.0,0,0,0
1,3,3,1,2,0,4,2,1,2,5,4,240,21,3,0,1,1,6,0,0.0,0,6,1,0,6,0,5.0,0.0,6.0,9.0,6.0,3,1,0
0,3,0,0,0,3,4,5,0,1,4,4,72,10,3,0,2,3,6,0,0.0,0,7,0,0,3,0,2.0,0.0,7.0,4.0,2.0,3,0,0
2,5,3,3,2,1,0,10,0,0,6,2,149,22,1,3,2,3,18,0,0.0,0,0,0,0,7,0,4.0,0.0,7.0,37.0,24.0,0,0,0
5,5,2,4,2,3,11,2,1,1,4,0,204,24,6,1,0,2,21,0,0.0,0,3,0,0,11,0,1.0,0.0,16.0,16.0,8.0,0,0,0
1,3,5,1,3,2,3,10,0,2,6,0,487,47,1,0,0,0,3,0,0.0,0,5,0,0,10,0,3.0,0.0,7.0,7.0,2.0,3,0,0
1,3,1,1,1,3,0,10,2,0,4,5,243,13,4,0,2,3,6,0,0.0,0,7,0,0,2,0,3.0,0.0,6.0,3.0,3.0,3,1,0
1,3,3,2,2,3,2,10,1,1,4,0,28,12,5,0,1,3,10,0,0.0,0,4,0,0,5,0,7.0,0.0,15.0,23.0,13.0,3,2,2
1,3,0,1,0,3,0,0,1,2,3,4,302,30,3,2,0,0,31,1,1.0,0,1,1,0,4,0,21.0,0.0,5.0,35.0,14.0,1,0,0
2,5,1,2,1,3,10,0,1,0,4,4,467,5,0,0,2,1,6,0,0.0,0,7,0,0,2,0,3.0,0.0,3.0,10.0,10.0,0,0,0
1,3,0,1,0,1,9,4,1,0,4,0,357,0,1,0,2,3,7,0,0.0,0,1,0,0,11,0,3.0,0.0,3.0,7.0,5.0,0,0,0
0,3,2,0,1,3,11,10,0,2,3,4,33,22,1,0,0,0,11,1,1.0,0,3,1,0,8,0,6.0,0.0,8.0,30.0,18.0,0,0,0
6,3,1,8,1,0,0,10,0,0,5,9,19,14,5,0,2,1,19,0,0.0,2,4,0,0,11,0,7.0,0.0,23.0,26.0,19.0,0,0,0
4,3,2,4,1,2,0,10,0,1,3,0,786,5,3,0,1,2,11,0,0.0,0,2,0,0,11,0,5.0,0.0,8.0,11.0,6.0,3,0,0
5,3,0,6,0,1,4,6,0,1,4,2,203,30,0,0,1,3,10,0,0.0,0,3,0,0,10,0,1.0,0.0,6.0,10.0,5.0,0,0,0
0,3,2,0,2,3,8,5,0,0,3,0,262,37,1,0,4,3,9,1,1.0,0,4,1,0,11,0,6.0,0.0,3.0,26.0,12.0,0,0,0
6,3,0,7,0,3,7,0,0,1,4,2,4,3,2,0,1,1,11,0,0.0,0,1,1,0,8,0,5.0,0.0,7.0,12.0,7.0,3,4,0
3,3,2,5,2,3,4,6,1,1,5,0,111,8,1,0,3,3,10,1,1.0,0,6,0,0,11,0,7.0,0.0,4.0,10.0,5.0,1,5,4
4,3,2,4,2,3,3,5,1,1,4,3,277,8,1,1,1,2,16,0,0.0,0,1,1,0,1,0,3.0,0.0,8.0,13.0,10.0,3,3,3
1,3,2,1,1,3,10,3,1,2,4,0,492,36,3,0,4,3,12,1,1.0,0,1,0,0,9,0,6.0,0.0,4.0,11.0,3.0,0,2,0
1,3,2,1,1,1,13,3,0,1,4,9,782,15,3,1,1,2,7,0,0.0,0,6,0,0,11,0,3.0,0.0,2.0,17.0,10.0,0,0,0
6,3,2,6,1,4,8,3,0,0,6,4,97,12,6,0,3,2,13,0,0.0,2,6,0,0,11,0,5.0,0.0,15.0,12.0,5.0,0,0,0
3,3,2,4,2,0,4,10,0,2,4,0,223,12,1,1,2,3,7,0,0.0,0,6,0,0,4,0,3.0,0.0,0.0,15.0,7.0,0,0,0
1,5,1,1,1,0,4,2,2,0,5,0,0,0,1,0,1,1,14,0,0.0,0,1,0,0,7,0,2.0,0.0,7.0,24.0,6.0,5,1,0
1,3,3,1,3,2,9,4,0,0,3,3,253,21,3,1,4,4,14,0,0.0,0,4,1,0,10,0,6.0,0.0,9.0,25.0,14.0,3,0,0
0,3,1,1,1,1,7,7,0,1,4,5,386,19,4,0,2,3,8,1,0.0,0,5,0,0,3,0,4.0,0.0,5.0,9.0,5.0,0,0,0
0,3,0,0,0,0,2,8,0,1,5,0,286,16,3,0,0,0,14,0,0.0,0,6,0,0,6,0,5.0,0.0,19.0,11.0,4.0,2,0,0
6,3,1,5,1,1,8,10,0,0,4,0,622,7,5,0,4,3,13,0,0.0,0,4,0,0,7,0,7.0,0.0,8.0,10.0,8.0,2,7,0
4,5,5,5,4,3,9,10,0,2,3,0,234,42,1,0,1,2,6,0,0.0,0,9,1,0,9,0,3.0,0.0,13.0,7.0,6.0,0,0,0
2,3,2,2,1,3,11,10,1,1,5,4,171,8,4,2,4,5,8,0,0.0,0,3,0,0,3,0,3.0,0.0,9.0,7.0,7.0,0,0,0
1,3,2,1,2,3,4,6,2,1,3,0,430,7,4,0,3,2,5,0,0.0,0,8,0,0,5,0,2.0,0.0,8.0,6.0,4.0,0,0,0
1,3,1,1,1,1,0,10,1,2,5,0,38,21,1,1,4,5,9,1,1.0,0,0,0,0,12,0,1.0,0.0,8.0,24.0,11.0,3,0,0
0,3,1,0,1,1,6,8,0,2,6,0,531,14,6,0,1,0,7,0,0.0,0,2,1,1,6,0,4.0,0.0,8.0,5.0,1.0,0,0,0
1,3,1,2,1,1,10,8,0,1,4,4,52,19,3,0,4,4,11,0,0.0,0,3,0,0,5,0,6.0,0.0,1.0,16.0,9.0,2,0,0
0,3,2,0,2,3,9,2,1,1,5,0,406,8,1,0,3,4,6,0,0.0,0,6,0,0,6,0,3.0,0.0,3.0,7.0,5.0,3,0,0
0,3,2,0,2,2,1,10,0,2,4,5,408,14,5,1,0,0,12,0,0.0,0,7,1,0,11,0,7.0,0.0,8.0,13.0,5.0,3,0,0
7,5,4,6,3,3,7,3,0,2,5,2,204,24,1,1,0,0,9,0,0.0,0,3,0,0,12,0,3.0,0.0,7.0,11.0,7.0,5,5,4
4,3,0,4,1,3,9,10,0,1,5,4,493,42,1,2,3,3,13,0,0.0,0,5,0,0,12,0,5.0,0.0,11.0,22.0,15.0,3,0,0
0,3,2,1,1,5,7,10,0,1,6,0,480,8,1,1,4,4,8,0,0.0,0,2,1,0,11,0,5.0,0.0,3.0,5.0,5.0,3,0,0
3,5,1,2,1,3,12,10,2,1,4,4,53,19,2,0,3,2,10,0,0.0,0,4,0,0,2,0,6.0,0.0,3.0,11.0,5.0,0,0,0
0,3,0,0,0,4,9,10,1,0,4,0,562,43,2,0,4,4,4,0,0.0,0,4,1,0,9,0,1.0,0.0,10.0,4.0,2.0,1,0,0
7,5,3,6,3,3,9,9,0,2,3,0,282,7,5,0,4,3,13,0,0.0,1,4,1,0,11,0,6.0,0.0,8.0,14.0,8.0,0,0,0
0,3,3,1,4,3,3,6,0,1,3,5,161,14,1,1,2,2,5,0,0.0,0,2,1,0,8,0,1.0,0.0,22.0,3.0,2.0,1,0,0
1,3,1,1,1,3,7,2,0,0,3,4,814,4,3,0,3,3,5,0,0.0,0,7,0,0,3,0,1.0,0.0,4.0,9.0,5.0,0,0,0
2,5,2,2,2,1,0,10,0,0,5,2,851,49,3,0,2,2,15,1,1.0,0,0,0,0,2,0,5.0,0.0,6.0,19.0,9.0,1,0,0
0,3,4,0,3,3,0,2,1,0,3,0,702,45,4,0,2,2,7,2,1.0,0,2,0,0,3,0,3.0,0.0,13.0,8.0,5.0,1,0,1
2,3,3,3,2,3,7,10,0,0,5,0,259,19,3,0,1,3,16,0,0.0,0,6,0,0,11,0,8.0,0.0,8.0,16.0,6.0,2,2,0
2,3,2,2,2,1,0,10,0,2,4,4,690,2,3,0,1,2,12,3,3.0,0,7,0,0,11,0,7.0,0.0,25.0,16.0,12.0,2,1,0
3,3,2,3,1,1,0,4,0,1,3,0,311,2,2,0,1,2,6,1,0.0,0,7,0,0,3,0,4.0,0.0,8.0,5.0,3.0,0,0,0
0,3,3,0,2,3,5,6,0,0,6,4,71,9,3,0,0,1,14,0,0.0,0,2,1,0,10,0,6.0,0.0,4.0,24.0,11.0,0,0,0
1,3,1,1,1,3,6,6,1,0,3,4,337,14,2,0,0,1,15,0,0.0,0,3,1,0,8,0,7.0,0.0,1.0,21.0,13.0,3,1,0
3,3,1,3,1,0,5,0,1,0,3,0,261,8,3,0,2,3,10,0,0.0,0,7,1,0,11,0,7.0,0.0,1.0,12.0,8.0,3,1,0
5,3,2,8,2,2,6,6,0,1,4,0,102,26,1,2,3,3,5,0,0.0,0,6,0,0,10,0,2.0,0.0,4.0,16.0,10.0,0,0,0
3,5,1,2,0,1,11,10,0,2,3,0,533,15,1,0,2,3,13,0,0.0,0,0,0,0,12,0,6.0,0.0,3.0,31.0,10.0,1,1,0
3,5,3,2,3,1,0,7,0,1,3,0,96,17,2,0,2,3,10,0,0.0,0,5,0,0,4,0,6.0,0.0,25.0,6.0,4.0,0,0,0
2,3,0,2,0,3,0,10,0,0,4,0,438,9,0,0,2,3,15,3,2.0,0,2,1,0,10,0,6.0,0.0,4.0,28.0,17.0,2,0,0
1,3,4,1,3,1,4,2,1,0,3,0,166,8,3,0,1,2,10,0,0.0,0,6,0,0,5,3,7.0,0.0,4.0,23.0,11.0,3,1,0
3,3,2,4,1,0,10,10,0,2,3,4,104,23,6,0,2,4,15,0,0.0,0,4,1,0,10,0,13.0,0.0,7.0,20.0,11.0,0,0,0
5,5,1,4,1,0,9,10,0,1,3,0,271,35,2,0,5,6,9,0,0.0,1,7,1,0,3,0,4.0,0.0,7.0,9.0,6.0,0,0,0
5,3,1,7,0,1,4,0,0,2,3,0,99,8,3,0,1,1,19,0,0.0,1,3,0,0,3,0,6.0,0.0,10.0,14.0,9.0,3,0,0
3,5,5,3,4,3,2,4,1,1,3,0,131,6,5,0,3,3,15,0,0.0,0,6,0,0,7,0,7.0,0.0,6.0,14.0,8.0,0,0,0
1,3,1,2,0,3,4,2,0,0,2,4,134,8,2,0,3,2,11,0,0.0,0,4,0,0,1,0,5.0,0.0,4.0,10.0,4.0,2,1,0
1,3,1,2,0,1,5,6,1,0,3,0,32,21,4,0,2,2,13,0,0.0,0,3,1,0,7,0,10.0,0.0,1.0,12.0,9.0,3,1,1
1,3,2,1,2,4,5,8,1,1,3,4,177,26,2,0,3,4,10,0,0.0,0,5,1,0,12,0,5.0,0.0,2.0,9.0,7.0,0,0,0
6,5,7,6,6,3,11,2,0,1,4,0,418,45,4,0,2,1,13,0,0.0,0,4,1,0,11,0,6.0,0.0,14.0,16.0,7.0,0,0,0
1,3,2,2,2,1,9,10,0,2,4,0,512,21,0,0,1,1,7,0,0.0,0,5,1,0,1,0,6.0,0.0,1.0,7.0,5.0,3,2,0
6,5,1,4,1,3,11,7,1,2,4,0,251,8,4,0,1,3,18,0,0.0,0,3,0,0,9,0,7.0,0.0,10.0,37.0,25.0,5,2,3
2,3,3,2,3,3,0,10,0,2,4,0,160,4,5,0,4,5,14,0,0.0,0,6,0,0,9,0,7.0,0.0,6.0,12.0,5.0,0,0,0
2,3,2,3,2,3,2,0,2,1,4,0,116,14,2,2,2,3,10,0,0.0,0,3,1,0,10,0,8.0,0.0,2.0,9.0,5.0,3,3,1
0,3,4,0,3,3,3,10,2,2,5,4,481,0,5,1,0,1,5,0,0.0,0,5,0,0,12,0,2.0,0.0,3.0,13.0,9.0,3,0,0
0,3,1,0,1,1,7,6,2,0,3,4,260,21,1,0,1,2,3,0,0.0,0,4,1,0,11,0,3.0,0.0,2.0,9.0,4.0,3,0,0
1,5,0,1,1,1,0,2,1,0,4,3,102,26,4,0,2,1,21,0,0.0,0,0,0,0,3,0,8.0,0.0,10.0,22.0,10.0,3,1,0
1,5,2,1,2,3,11,10,2,0,4,0,480,8,2,2,1,2,9,0,0.0,0,6,0,0,10,0,7.0,0.0,3.0,13.0,2.0,1,1,1
3,3,0,3,0,3,4,2,0,0,4,4,35,14,2,0,1,1,13,0,0.0,1,4,0,0,11,0,12.0,0.0,2.0,19.0,10.0,0,0,0
5,5,5,5,5,1,2,9,0,1,4,5,263,0,2,0,3,3,8,0,0.0,0,3,0,0,7,0,4.0,0.0,3.0,9.0,5.0,0,0,0
2,3,1,3,1,1,2,10,1,1,4,4,141,13,1,0,0,0,10,2,1.0,0,3,1,0,9,0,5.0,0.0,2.0,12.0,5.0,2,0,0
4,5,4,3,4,3,3,6,1,1,4,0,99,8,2,0,3,4,10,0,0.0,0,6,0,0,12,0,6.0,0.0,8.0,11.0,7.0,5,4,0
0,3,1,1,1,3,4,0,1,2,4,0,277,8,2,0,2,2,9,0,0.0,0,7,1,0,10,0,6.0,0.0,10.0,11.0,3.0,0,1,1
1,3,1,2,1,1,9,10,0,0,4,2,140,8,1,0,1,1,5,1,1.0,0,3,1,0,6,0,4.0,0.0,0.0,14.0,8.0,3,1,2
0,3,1,1,1,3,3,10,0,0,4,2,35,14,3,4,0,0,8,0,0.0,0,4,0,0,1,0,3.0,0.0,4.0,12.0,3.0,0,0,0
0,3,1,0,1,2,12,6,0,0,4,4,555,37,1,0,3,4,6,0,0.0,0,7,1,0,12,0,3.0,0.0,11.0,8.0,4.0,3,0,0
3,3,2,5,2,3,2,10,0,2,3,4,14,11,1,0,4,3,6,0,0.0,0,8,1,0,5,0,5.0,0.0,6.0,6.0,4.0,3,3,4
1,3,0,1,0,2,5,10,0,0,6,0,127,13,1,0,2,2,17,0,0.0,0,1,0,0,8,0,8.0,0.0,4.0,28.0,12.0,0,1,1
1,3,1,1,1,1,4,1,0,1,5,0,404,22,2,0,3,3,10,0,0.0,0,4,1,0,10,0,5.0,0.0,17.0,18.0,10.0,2,0,0
7,5,4,6,3,2,5,10,1,2,4,0,466,36,1,0,3,3,11,0,0.0,1,8,0,0,11,0,3.0,0.0,15.0,14.0,7.0,0,0,0
0,3,2,0,1,3,0,10,2,2,4,0,751,16,5,0,5,4,16,0,0.0,0,1,1,0,12,0,4.0,0.0,7.0,15.0,12.0,2,0,0
1,3,1,1,1,2,7,2,0,0,5,0,370,13,2,0,3,2,8,0,0.0,0,4,0,0,9,0,5.0,0.0,11.0,10.0,6.0,0,0,1
4,5,2,2,2,1,10,1,0,0,4,0,407,10,6,0,0,1,19,0,0.0,0,6,0,0,9,0,4.0,0.0,19.0,22.0,14.0,0,0,0
1,3,2,1,2,1,1,2,1,1,6,4,152,14,4,0,2,2,7,1,1.0,0,7,1,0,8,0,4.0,0.0,6.0,7.0,1.0,0,0,0
6,5,1,5,1,5,12,10,0,2,4,4,107,30,1,0,2,3,22,0,0.0,0,1,0,0,6,0,10.0,0.0,4.0,31.0,16.0,1,8,3
2,5,7,2,6,4,2,7,1,2,3,0,115,8,2,0,3,4,6,0,0.0,0,6,1,0,3,0,2.0,0.0,5.0,6.0,4.0,0,1,0
2,3,3,3,2,3,7,0,1,1,5,4,322,13,4,0,1,2,10,0,0.0,0,4,0,0,6,0,5.0,0.0,4.0,6.0,5.0,3,2,0
1,3,2,2,2,2,11,10,0,2,4,0,188,23,0,0,3,4,6,0,0.0,0,2,1,0,2,0,4.0,0.0,2.0,6.0,1.0,3,1,0
0,3,1,1,0,3,9,10,1,0,6,3,134,8,1,0,5,4,5,0,0.0,0,0,0,0,10,0,3.0,0.0,1.0,5.0,2.0,3,0,0
2,5,2,1,2,1,12,10,1,1,6,10,134,8,0,0,4,5,6,0,0.0,0,2,0,0,2,0,4.0,0.0,3.0,8.0,5.0,3,3,0
5,3,1,6,0,3,10,10,1,1,3,0,275,8,3,0,4,4,10,0,0.0,0,6,1,0,8,0,3.0,0.0,30.0,20.0,12.0,0,0,0
1,3,2,2,2,3,0,10,1,1,5,4,235,8,4,0,1,2,11,0,0.0,0,6,1,0,4,0,6.0,0.0,5.0,14.0,10.0,2,0,0
1,3,0,2,0,0,2,5,0,0,4,4,512,21,1,0,2,3,8,0,0.0,0,3,1,0,4,0,2.0,0.0,4.0,13.0,12.0,3,0,0
5,3,4,8,3,1,9,10,1,2,3,0,195,38,3,1,2,3,7,0,0.0,0,7,0,0,3,0,4.0,0.0,6.0,10.0,2.0,3,7,6
0,3,4,1,3,3,2,10,1,1,4,0,710,45,3,0,2,2,10,0,0.0,0,3,1,0,11,0,5.0,0.0,4.0,7.0,3.0,0,0,0
2,3,2,2,2,1,10,2,1,2,3,0,91,7,3,0,4,5,31,0,0.0,0,0,1,0,10,0,10.0,0.0,14.0,34.0,22.0,0,0,0
1,3,5,2,4,3,3,10,1,1,4,0,70,32,2,0,3,4,22,0,0.0,0,1,1,0,5,0,10.0,0.0,6.0,33.0,12.0,1,0,0
5,3,1,5,0,3,8,0,1,1,4,0,4,3,4,0,0,0,16,0,0.0,0,7,0,0,4,0,6.0,0.0,11.0,14.0,6.0,3,3,2
4,3,0,4,0,3,2,0,1,1,4,4,143,8,2,1,1,2,15,0,0.0,0,1,0,0,9,0,2.0,0.0,33.0,11.0,4.0,0,5,2
2,3,3,4,3,1,2,9,1,1,3,0,27,12,2,0,1,2,18,0,0.0,0,5,1,0,6,0,12.0,0.0,9.0,27.0,15.0,0,3,2
3,3,2,3,2,3,0,0,0,2,5,0,340,14,2,0,1,2,7,0,0.0,0,9,1,0,1,0,2.0,0.0,6.0,9.0,7.0,0,0,0
2,3,0,1,0,3,0,6,1,0,3,0,505,10,1,0,1,0,10,0,0.0,0,5,1,0,9,0,4.0,0.0,9.0,17.0,12.0,3,1,0
1,3,0,2,0,3,9,4,0,2,1,2,686,37,2,0,6,5,10,0,0.0,0,0,1,0,12,0,5.0,0.0,6.0,9.0,5.0,0,0,0
4,5,2,3,1,2,1,5,0,1,4,0,234,42,3,0,2,2,10,0,0.0,0,4,0,0,9,0,5.0,0.0,16.0,15.0,11.0,0,0,0
0,3,3,0,3,3,12,10,1,2,2,0,132,12,4,2,3,3,7,0,0.0,0,5,1,0,2,0,3.0,0.0,2.0,16.0,12.0,2,0,0
1,3,1,2,1,3,11,10,2,1,3,0,62,13,4,1,3,4,24,1,0.0,0,1,1,0,6,0,7.0,0.0,11.0,32.0,22.0,0,0,0
0,3,4,0,3,3,10,10,1,0,4,10,32,21,2,2,2,2,9,0,0.0,0,5,1,0,7,0,6.0,0.0,5.0,34.0,21.0,2,0,0
6,5,7,6,4,3,2,5,0,1,6,4,345,20,0,0,2,4,9,0,0.0,0,4,0,0,8,0,5.0,0.0,2.0,8.0,8.0,0,0,0
0,3,3,0,3,0,11,5,0,0,2,5,451,36,0,0,0,0,5,1,1.0,0,9,1,0,12,6,5.0,0.0,6.0,9.0,5.0,1,0,0
1,3,2,1,2,1,7,1,0,2,4,7,230,2,4,1,1,1,10,0,0.0,0,4,0,0,10,0,2.0,0.0,12.0,9.0,8.0,3,1,0
1,3,3,1,3,1,0,7,1,0,3,0,371,7,2,0,1,1,6,0,0.0,0,3,1,0,11,0,3.0,0.0,5.0,23.0,11.0,3,0,0
5,3,1,5,1,3,6,8,2,1,3,4,32,21,3,0,4,5,12,0,0.0,0,4,0,0,5,0,7.0,0.0,2.0,16.0,13.0,2,4,3
7,3,2,8,2,3,9,6,0,1,4,0,380,26,1,2,3,3,11,0,0.0,0,0,0,0,10,0,1.0,0.0,11.0,5.0,2.0,3,2,1
2,3,1,2,0,2,10,2,1,1,3,0,614,3,5,0,0,1,11,0,0.0,0,6,0,0,8,0,2.0,0.0,11.0,6.0,5.0,0,0,0
1,3,0,2,0,0,4,10,0,0,4,4,61,31,1,0,2,3,7,0,0.0,0,3,1,0,1,0,1.0,0.0,5.0,11.0,7.0,0,0,0
1,3,0,2,0,3,9,5,2,2,5,3,248,11,1,0,5,5,10,0,0.0,0,0,0,0,10,0,3.0,0.0,20.0,15.0,5.0,2,1,1
0,3,1,0,1,1,7,10,0,0,4,5,408,14,5,0,2,2,17,0,0.0,1,8,1,0,10,0,8.0,0.0,34.0,12.0,7.0,0,0,0
3,5,4,3,4,1,11,7,2,0,4,4,105,17,7,0,3,2,15,0,0.0,0,3,1,0,8,0,9.0,0.0,10.0,25.0,10.0,0,0,0
0,3,1,0,1,1,9,6,1,2,4,7,66,14,2,0,3,3,4,0,0.0,0,0,1,0,7,0,0.0,0.0,1.0,3.0,2.0,3,0,0
3,5,2,2,1,0,3,7,0,1,3,0,186,9,3,0,1,1,25,0,0.0,0,1,1,0,12,0,11.0,0.0,24.0,29.0,13.0,0,0,0
0,3,2,1,2,1,8,10,2,2,4,0,348,18,3,1,2,2,11,0,0.0,0,1,0,0,9,0,6.0,0.0,2.0,30.0,18.0,3,0,0
5,3,3,5,2,3,3,5,2,2,6,0,339,26,4,0,2,3,8,0,0.0,0,6,0,0,10,0,6.0,0.0,4.0,7.0,4.0,1,1,1
1,3,6,2,5,3,0,1,1,0,3,0,671,13,1,0,0,1,7,0,0.0,0,6,1,0,12,0,6.0,0.0,0.0,9.0,3.0,1,2,0
0,3,3,1,2,3,12,9,1,2,3,0,100,4,2,0,2,2,16,0,0.0,0,4,0,0,9,0,6.0,0.0,7.0,15.0,8.0,3,1,1
2,3,0,1,0,0,0,10,2,0,5,2,371,7,2,0,0,0,6,1,1.0,0,2,0,0,12,0,3.0,0.0,5.0,4.0,1.0,0,2,0
1,3,0,1,0,5,1,10,0,0,5,0,400,17,2,0,5,5,9,0,0.0,0,3,1,0,5,0,4.0,0.0,10.0,4.0,2.0,3,0,0
2,5,4,2,3,1,11,10,0,1,3,4,555,37,3,0,0,1,23,0,0.0,0,4,0,0,12,0,15.0,0.0,12.0,22.0,9.0,0,0,0
1,3,3,2,2,3,11,3,0,2,5,8,321,1,3,1,1,1,10,0,0.0,0,2,0,0,3,0,4.0,0.0,14.0,7.0,5.0,3,0,0
4,5,4,4,4,0,10,3,1,1,4,0,386,19,4,0,3,3,13,0,0.0,0,2,1,0,8,0,2.0,0.0,6.0,15.0,9.0,0,0,0
1,3,2,1,2,3,10,10,0,1,3,2,126,38,3,0,2,3,11,1,1.0,0,2,0,0,9,0,9.0,0.0,16.0,18.0,8.0,3,1,0
3,3,1,3,1,0,4,10,0,2,4,0,422,30,4,0,1,1,8,1,1.0,3,7,0,0,5,0,6.0,0.0,7.0,15.0,6.0,0,3,1
0,3,2,0,2,1,11,8,1,2,3,0,110,13,2,0,4,5,8,0,0.0,0,8,0,0,1,0,1.0,0.0,10.0,11.0,7.0,3,0,0
1,3,1,1,0,3,7,10,0,1,5,0,130,33,2,1,0,2,6,0,0.0,0,3,0,0,8,0,2.0,0.0,7.0,4.0,3.0,3,0,0
1,3,2,1,1,1,4,7,2,2,4,0,116,14,5,0,2,2,17,1,1.0,0,3,1,0,5,0,7.0,0.0,6.0,20.0,7.0,3,1,0
1,3,3,1,2,3,0,10,0,0,3,0,480,8,2,0,2,3,7,0,0.0,0,7,0,0,10,0,5.0,0.0,1.0,9.0,6.0,2,1,1
1,3,2,1,2,3,0,10,0,1,3,2,519,9,3,1,1,2,9,0,0.0,2,8,1,0,10,0,2.0,0.0,9.0,17.0,5.0,1,1,1
4,3,0,5,0,3,0,2,1,2,4,0,549,8,1,0,5,5,8,0,0.0,1,1,0,0,6,0,5.0,0.0,6.0,9.0,4.0,3,4,2
3,3,1,4,1,0,8,6,2,0,4,4,160,4,4,0,3,3,16,0,0.0,0,9,0,0,5,0,9.0,0.0,27.0,9.0,8.0,3,1,1
6,3,1,7,1,1,2,10,1,2,3,4,136,8,3,0,4,3,19,0,0.0,0,4,1,0,2,0,6.0,0.0,16.0,30.0,17.0,0,8,7
2,3,0,3,0,1,8,10,0,1,3,4,33,22,2,0,4,5,23,0,0.0,0,2,0,0,4,0,13.0,0.0,1.0,29.0,18.0,0,3,0
4,5,5,4,4,0,4,10,2,1,3,0,134,8,3,0,0,0,9,1,1.0,0,4,1,0,8,0,6.0,0.0,6.0,31.0,19.0,1,4,5
6,3,1,8,1,0,2,7,1,2,5,0,300,9,6,2,2,3,12,0,0.0,2,7,0,0,11,0,7.0,0.0,12.0,17.0,9.0,3,0,0
1,3,3,1,2,3,8,2,0,1,3,0,337,14,4,1,0,0,13,1,0.0,0,4,1,0,6,0,4.0,0.0,15.0,13.0,8.0,0,1,1
0,3,1,0,2,1,3,0,0,1,3,2,418,45,0,1,3,4,9,2,0.0,0,2,0,0,4,0,2.0,0.0,0.0,8.0,7.0,0,0,0
5,5,3,3,3,1,4,1,1,1,4,4,272,26,2,0,3,4,8,0,0.0,0,5,0,0,5,0,6.0,0.0,8.0,12.0,8.0,4,2,2
0,3,2,0,1,3,3,5,1,2,5,0,97,12,1,0,0,1,5,0,0.0,0,0,0,0,12,0,2.0,0.0,1.0,4.0,2.0,0,0,0
0,3,4,0,3,2,4,10,0,0,4,0,459,8,2,1,2,3,6,1,1.0,0,6,1,0,6,0,4.0,0.0,2.0,17.0,9.0,3,0,0
1,3,2,2,1,0,6,9,0,2,3,0,163,21,5,0,0,2,10,0,0.0,0,9,1,0,2,0,4.0,0.0,10.0,11.0,6.0,0,0,0
2,3,1,3,0,3,2,10,0,0,4,0,635,3,2,0,2,2,17,0,0.0,0,1,1,0,1,0,3.0,0.0,8.0,32.0,16.0,3,1,1
4,3,2,5,2,3,10,2,0,1,4,0,5,4,3,4,0,1,21,1,1.0,1,4,0,0,2,0,13.0,0.0,9.0,28.0,11.0,3,1,1
3,3,0,4,0,3,0,10,0,2,6,0,301,21,1,0,3,2,11,0,0.0,0,3,0,0,6,0,2.0,0.0,8.0,15.0,8.0,3,2,1
2,5,1,1,1,3,0,7,2,0,4,4,195,38,2,0,3,3,21,0,0.0,0,3,0,0,11,0,7.0,0.0,13.0,19.0,11.0,5,3,0
1,3,2,1,2,1,8,10,1,1,6,0,45,21,1,0,1,2,7,1,1.0,0,5,0,0,7,0,4.0,0.0,4.0,9.0,1.0,3,1,0
1,3,2,1,2,3,8,1,0,0,3,0,396,7,3,0,4,3,10,0,0.0,0,5,0,0,5,0,5.0,0.0,6.0,6.0,1.0,3,0,0
0,3,1,0,1,2,11,10,1,1,5,4,372,30,3,0,1,1,5,0,0.0,0,4,1,0,9,0,3.0,0.0,3.0,3.0,1.0,0,0,0
1,3,2,2,2,3,4,7,0,2,6,3,81,15,2,1,2,3,12,1,1.0,0,8,0,0,8,0,1.0,0.0,18.0,12.0,6.0,3,0,0
3,5,3,2,3,1,10,10,1,1,6,0,164,20,4,0,0,0,13,0,0.0,0,5,0,0,4,0,9.0,0.0,6.0,13.0,6.0,2,3,3
3,5,4,4,3,3,3,10,0,2,5,0,418,45,1,0,0,0,7,0,0.0,0,6,0,0,10,0,5.0,0.0,11.0,19.0,8.0,0,0,0
3,5,2,2,2,1,10,10,0,1,3,5,19,14,3,0,2,2,13,0,0.0,0,3,0,0,10,0,4.0,0.0,5.0,16.0,9.0,0,0,0
3,5,2,2,1,0,9,5,0,2,2,0,539,42,2,1,3,4,8,0,0.0,0,5,0,0,7,4,3.0,0.0,4.0,10.0,6.0,4,3,0
3,3,1,4,1,3,0,7,0,0,4,4,305,15,3,0,0,1,10,0,0.0,0,7,0,0,9,0,6.0,0.0,7.0,8.0,4.0,3,5,2
4,3,1,4,1,3,9,10,0,1,4,0,232,13,2,0,2,2,19,0,0.0,0,5,1,0,3,0,8.0,0.0,10.0,35.0,10.0,3,5,4
3,5,2,2,2,5,11,10,0,0,5,2,300,9,3,0,4,3,12,0,0.0,0,1,0,0,10,0,6.0,0.0,13.0,10.0,4.0,0,0,0
0,3,3,0,2,4,9,10,1,1,4,0,500,27,1,0,4,4,10,0,0.0,0,0,1,0,7,0,6.0,0.0,2.0,11.0,4.0,1,0,0
7,3,2,8,2,3,10,10,1,1,5,0,17,13,4,0,3,5,11,0,0.0,0,3,0,0,10,0,7.0,0.0,6.0,11.0,7.0,3,6,2
1,3,2,2,2,1,0,2,1,1,4,0,72,10,4,0,2,3,6,0,0.0,0,7,1,0,8,0,4.0,0.0,5.0,7.0,5.0,3,2,2
2,3,0,3,0,3,0,10,0,0,0,3,165,17,1,0,3,4,6,0,0.0,0,4,1,0,7,0,5.0,0.0,6.0,9.0,5.0,2,1,0
1,3,2,2,2,3,2,8,1,2,4,0,196,14,5,1,2,3,9,0,0.0,0,7,0,0,7,0,4.0,0.0,41.0,8.0,3.0,2,1,1
2,5,4,2,4,0,9,5,1,2,1,6,176,3,0,1,0,0,7,0,0.0,0,2,1,0,2,0,5.0,0.0,6.0,9.0,5.0,1,1,0
0,3,2,0,2,0,13,4,1,2,4,10,29,19,4,0,2,3,25,0,0.0,0,4,0,0,11,0,9.0,0.0,18.0,10.0,4.0,3,0,0
1,3,1,2,1,1,0,10,0,0,4,0,29,19,2,4,2,4,8,0,0.0,0,3,1,0,5,0,3.0,0.0,5.0,17.0,10.0,2,0,1
3,3,2,4,2,3,2,6,1,1,5,0,125,9,1,0,0,1,7,1,0.0,0,1,0,0,11,0,4.0,0.0,2.0,7.0,6.0,0,0,0
1,3,2,1,1,0,10,1,1,1,3,0,126,38,1,0,1,2,6,0,0.0,0,4,1,0,5,0,4.0,0.0,3.0,5.0,4.0,3,1,0
2,3,2,2,2,3,5,10,0,1,5,2,338,4,2,0,2,3,11,0,0.0,0,7,0,0,3,0,8.0,0.0,4.0,11.0,7.0,0,0,0
1,3,2,2,2,0,0,10,1,0,5,0,81,15,6,0,2,2,14,0,0.0,1,6,0,0,11,0,12.0,0.0,4.0,14.0,7.0,0,0,0
4,5,4,4,3,0,6,10,0,1,5,5,99,8,0,2,1,2,8,0,0.0,0,4,1,0,12,0,4.0,0.0,12.0,21.0,8.0,4,0,0
7,5,2,5,2,3,7,10,0,2,3,4,638,2,4,0,2,3,9,0,0.0,1,5,1,0,9,0,4.0,0.0,9.0,13.0,6.0,2,2,2
0,3,1,0,1,3,0,10,0,2,5,5,641,13,5,0,0,1,17,0,0.0,0,5,0,0,5,0,11.0,0.0,12.0,22.0,11.0,0,0,0
4,5,3,3,2,0,4,10,0,1,5,0,107,30,5,0,4,5,11,0,0.0,0,5,0,0,10,0,8.0,0.0,3.0,22.0,15.0,0,5,0
0,3,2,1,1,4,7,8,0,1,3,0,194,38,3,0,2,3,19,0,0.0,0,4,0,0,7,0,11.0,0.0,25.0,15.0,8.0,3,1,1
2,3,4,4,4,3,12,10,0,0,4,0,22,16,5,0,2,2,10,0,0.0,0,7,0,0,12,0,4.0,0.0,11.0,7.0,5.0,0,0,0
0,3,2,1,1,3,11,1,0,1,4,0,304,8,1,5,0,0,19,0,0.0,0,1,0,0,6,0,6.0,1.0,1.0,24.0,8.0,1,0,0
2,3,0,2,0,3,9,10,0,1,6,4,12,9,3,0,4,5,11,0,0.0,0,5,0,0,8,0,6.0,0.0,21.0,7.0,5.0,0,0,0
3,3,2,3,1,3,1,8,2,1,3,4,63,14,4,0,4,3,16,0,0.0,0,5,1,0,5,0,11.0,0.0,2.0,30.0,27.0,3,0,0
1,3,2,1,2,5,11,1,0,1,3,0,144,5,1,0,1,2,11,0,0.0,0,3,1,0,2,0,5.0,0.0,3.0,23.0,12.0,2,0,0
1,3,2,1,1,3,13,0,1,1,6,4,255,9,4,0,4,5,6,0,0.0,0,9,0,1,6,0,1.0,0.0,7.0,6.0,5.0,3,0,0
2,5,7,2,5,3,2,10,1,2,6,0,337,14,4,0,1,1,10,0,0.0,0,3,0,0,4,0,5.0,0.0,36.0,12.0,2.0,0,0,0
1,3,0,1,0,1,10,7,0,2,3,0,184,26,1,0,3,3,15,0,0.0,0,3,0,0,5,3,5.0,0.0,3.0,21.0,12.0,1,0,0
4,3,3,4,2,3,4,6,0,2,4,4,240,21,3,0,0,1,22,1,1.0,0,4,1,0,10,0,20.0,0.0,6.0,55.0,37.0,1,1,0
1,3,2,2,2,3,5,10,0,0,5,0,205,8,2,0,0,0,8,1,1.0,0,4,1,0,12,0,5.0,0.0,5.0,15.0,5.0,0,2,1
2,3,0,2,0,3,12,10,0,0,3,4,364,23,2,1,3,5,14,0,0.0,0,7,0,0,6,0,4.0,0.0,12.0,26.0,9.0,3,0,0
2,5,2,2,2,5,4,10,1,1,1,0,109,21,2,0,0,0,8,0,0.0,0,2,1,0,12,0,5.0,0.0,6.0,9.0,5.0,0,0,0
2,5,2,2,2,4,2,10,0,0,6,4,10,8,2,0,2,2,8,0,0.0,0,6,0,0,12,0,7.0,0.0,2.0,12.0,7.0,3,0,0
1,3,6,2,4,3,7,10,0,0,5,4,373,13,3,0,2,4,11,2,1.0,0,1,0,0,1,0,5.0,0.0,9.0,34.0,25.0,0,1,1
0,3,2,0,2,5,4,2,1,1,4,0,286,16,2,0,3,3,6,0,0.0,0,7,0,0,8,0,3.0,0.0,6.0,3.0,2.0,3,0,0
1,3,2,2,2,1,8,7,1,1,4,4,479,8,4,1,1,2,12,1,1.0,0,5,0,0,8,0,3.0,0.0,25.0,28.0,15.0,0,0,0
2,3,1,3,1,3,11,10,2,2,5,0,408,14,2,0,5,6,10,0,0.0,0,3,0,1,7,0,2.0,0.0,12.0,12.0,5.0,0,1,0
7,5,3,6,3,3,4,0,0,1,4,0,162,2,1,1,2,3,9,0,0.0,1,4,0,0,10,0,3.0,0.0,4.0,9.0,4.0,1,9,0
4,3,1,4,0,3,10,0,0,1,4,4,238,22,3,1,1,2,14,0,0.0,0,7,1,0,3,0,6.0,0.0,10.0,18.0,9.0,3,4,6
2,3,1,3,1,1,12,10,0,2,2,0,161,14,2,0,0,0,11,0,0.0,0,7,0,0,1,5,7.0,0.0,8.0,10.0,8.0,3,3,0
2,3,0,2,0,4,6,2,1,1,4,0,526,20,3,0,2,3,6,0,0.0,0,6,0,0,10,0,3.0,0.0,5.0,12.0,6.0,3,3,0
0,3,0,0,0,1,3,10,2,1,5,0,260,21,2,0,0,0,8,1,0.0,0,4,0,0,8,0,7.0,0.0,2.0,12.0,5.0,3,1,0
4,3,1,4,1,3,10,4,0,0,5,0,511,13,2,0,1,2,22,1,0.0,0,2,0,0,3,0,9.0,0.0,23.0,32.0,15.0,0,0,0
0,3,0,0,0,3,11,10,1,2,5,0,54,28,1,0,1,3,4,0,0.0,0,2,0,0,1,0,2.0,0.0,1.0,9.0,7.0,3,0,0
6,3,2,7,2,0,8,10,0,0,5,0,176,3,3,0,4,3,12,0,0.0,1,9,1,0,1,0,6.0,0.0,19.0,19.0,9.0,2,5,7
3,3,1,3,1,3,4,10,1,0,3,0,309,30,2,0,4,3,11,0,0.0,0,3,1,0,8,1,7.0,0.0,6.0,18.0,9.0,0,0,0
3,5,2,3,2,3,0,7,0,0,4,0,175,14,5,0,3,4,20,0,0.0,0,1,0,0,1,0,6.0,0.0,22.0,20.0,12.0,0,0,0
2,5,2,2,2,1,4,10,0,2,3,2,538,14,2,0,2,2,9,0,0.0,0,6,0,0,9,0,5.0,0.0,10.0,17.0,12.0,4,2,1
2,3,0,2,0,4,6,10,0,2,5,0,352,11,2,0,4,4,15,0,0.0,0,2,0,0,8,0,1.0,0.0,18.0,11.0,4.0,2,1,0
2,3,3,3,2,3,4,8,0,2,5,0,126,38,2,0,0,1,10,0,0.0,0,7,0,0,7,0,6.0,0.0,3.0,11.0,7.0,0,0,0
3,3,1,4,1,3,0,10,0,2,4,4,79,2,3,1,0,0,13,0,0.0,0,7,0,0,3,0,8.0,0.0,9.0,11.0,7.0,0,0,0
1,3,2,1,1,3,9,4,0,0,5,0,104,23,3,0,0,2,7,0,0.0,0,3,1,0,8,0,4.0,0.0,9.0,7.0,5.0,3,2,0
1,3,0,1,0,3,10,5,0,2,5,9,45,21,2,0,1,1,11,0,0.0,0,3,0,0,9,0,1.0,0.0,13.0,13.0,8.0,0,0,0
5,5,5,6,4,3,10,6,0,2,3,0,690,2,2,1,1,2,20,0,0.0,0,6,1,0,7,0,12.0,0.0,7.0,26.0,15.0,0,0,0
4,3,1,4,1,2,8,10,0,1,4,0,310,24,1,0,2,4,10,0,0.0,0,4,1,0,11,0,4.0,0.0,6.0,15.0,6.0,0,0,0
1,3,4,1,3,1,3,4,1,2,2,0,10,8,2,0,3,3,13,0,0.0,0,7,1,0,9,0,5.0,0.0,6.0,9.0,5.0,0,1,0
3,3,2,3,2,3,0,10,0,0,5,0,123,12,1,0,2,3,8,0,0.0,0,4,0,0,7,0,5.0,0.0,6.0,9.0,3.0,3,1,2
2,5,5,2,4,0,11,10,0,1,3,0,80,21,1,0,1,2,10,1,1.0,0,7,0,0,10,0,7.0,0.0,6.0,16.0,9.0,0,1,1
3,3,3,4,2,3,6,10,0,2,2,5,23,9,2,0,4,5,11,0,0.0,0,6,1,0,5,0,6.0,0.0,4.0,16.0,7.0,0,1,0
3,3,1,3,1,3,10,5,1,0,3,0,22,16,2,1,3,4,23,0,0.0,0,5,1,0,8,0,4.0,0.0,20.0,13.0,9.0,2,1,1
3,3,2,3,2,4,4,10,0,0,3,0,53,19,2,0,0,2,24,0,0.0,1,6,1,0,10,0,16.0,0.0,7.0,33.0,11.0,3,2,3
2,5,3,2,2,3,4,5,0,0,5,4,267,27,4,0,3,5,14,0,0.0,0,7,0,0,7,0,9.0,0.0,10.0,14.0,1.0,0,0,0
1,3,0,2,0,3,6,1,1,0,4,0,304,8,6,1,4,4,12,0,0.0,0,0,0,0,11,0,1.0,0.0,14.0,8.0,7.0,1,2,2
0,3,1,0,1,1,10,10,0,0,4,4,412,13,3,0,3,4,6,0,0.0,0,8,1,0,5,0,3.0,0.0,12.0,8.0,5.0,3,0,0
2,5,4,2,4,1,7,3,0,1,3,4,319,0,1,0,2,3,11,0,0.0,0,4,1,0,12,0,8.0,0.0,25.0,18.0,11.0,0,0,0
1,5,3,2,2,1,3,10,0,2,3,4,153,11,4,0,0,0,11,0,0.0,0,6,1,0,5,3,6.0,0.0,10.0,15.0,12.0,4,0,0
2,5,8,3,6,1,10,10,0,2,6,5,363,43,2,0,1,2,11,0,0.0,0,4,1,0,12,0,9.0,0.0,5.0,14.0,8.0,1,2,0
0,3,1,0,1,3,11,3,0,0,4,0,413,37,1,0,2,2,10,0,0.0,0,3,1,0,6,0,5.0,0.0,12.0,20.0,12.0,0,0,0
5,3,2,6,2,0,0,6,0,2,4,0,733,39,5,0,2,3,12,1,1.0,0,1,1,0,12,0,4.0,0.0,10.0,15.0,7.0,0,0,0
1,3,4,3,3,0,7,10,0,2,5,0,7,0,4,0,0,0,14,0,0.0,0,3,0,0,8,0,9.0,0.0,3.0,20.0,10.0,1,1,0
0,3,3,1,2,3,9,1,1,0,3,4,74,30,5,0,1,2,10,0,0.0,0,4,0,0,2,0,5.0,0.0,6.0,7.0,3.0,2,0,0
0,3,2,1,2,3,3,6,1,1,4,0,115,8,5,0,2,3,15,3,1.0,0,1,0,0,10,0,6.0,0.0,8.0,35.0,10.0,3,1,1
1,3,3,1,2,1,11,6,1,0,4,0,353,30,2,0,3,4,11,1,1.0,0,5,1,0,9,0,10.0,0.0,3.0,20.0,13.0,0,0,0
0,3,1,1,1,3,11,10,1,1,4,4,314,0,2,0,3,3,12,0,0.0,0,1,0,0,5,0,4.0,0.0,3.0,14.0,5.0,3,1,0
3,3,1,2,1,4,0,1,0,1,5,4,643,45,3,0,4,3,12,0,0.0,0,3,1,0,11,0,3.0,0.0,9.0,6.0,5.0,3,1,0
4,3,1,5,1,1,8,9,0,2,3,0,36,13,6,0,4,4,21,1,1.0,0,3,1,0,8,0,5.0,0.0,24.0,24.0,15.0,3,6,2
1,3,0,0,0,3,4,10,0,0,5,2,351,3,2,0,4,4,15,0,0.0,0,0,0,0,5,0,7.0,0.0,4.0,22.0,10.0,0,0,0
1,5,2,1,2,2,7,5,0,2,3,0,275,8,2,0,1,0,10,0,0.0,0,5,0,0,7,0,4.0,0.0,5.0,13.0,10.0,0,0,0
2,3,2,3,1,3,4,3,1,2,3,0,166,8,5,0,2,1,13,0,0.0,0,3,0,0,1,0,3.0,0.0,15.0,10.0,5.0,3,0,0
4,3,0,4,0,3,5,10,0,0,4,0,108,21,3,0,5,6,16,0,0.0,0,0,0,0,8,0,9.0,0.0,5.0,13.0,9.0,0,2,1
1,5,1,1,1,2,2,6,0,1,5,3,337,14,4,0,4,6,15,0,0.0,0,2,1,0,3,0,7.0,0.0,11.0,23.0,8.0,0,0,0
2,3,2,2,1,4,0,10,2,0,6,4,91,7,2,0,3,3,16,1,1.0,0,2,1,0,5,0,7.0,0.0,3.0,21.0,9.0,2,0,0
1,3,0,1,0,1,2,1,2,1,6,0,149,22,1,0,2,1,9,0,0.0,0,1,0,0,7,0,3.0,0.0,6.0,12.0,4.0,0,0,0
2,5,2,2,2,1,9,2,1,1,3,0,286,16,1,0,3,2,11,0,0.0,0,4,1,0,5,0,8.0,0.0,2.0,15.0,10.0,2,0,0
3,5,2,3,2,1,8,10,0,2,4,0,342,21,2,1,0,0,9,0,0.0,0,2,0,0,9,0,4.0,0.0,13.0,11.0,5.0,0,0,0
2,5,2,2,2,1,10,6,0,1,3,0,259,19,2,0,1,3,12,0,0.0,0,4,1,0,11,0,5.0,0.0,5.0,11.0,8.0,5,2,0
0,3,1,0,1,1,3,8,0,1,4,4,235,8,2,0,0,0,7,0,0.0,0,5,0,0,8,0,4.0,0.0,9.0,5.0,1.0,3,0,0
2,5,5,1,4,3,0,1,0,0,4,2,403,38,4,0,1,2,11,0,0.0,0,0,0,0,8,0,1.0,0.0,20.0,21.0,9.0,0,1,1
0,3,2,1,2,3,12,3,0,1,5,5,483,3,4,0,4,4,12,0,0.0,0,4,0,0,2,0,4.0,0.0,15.0,9.0,9.0,3,1,1
3,5,4,3,3,0,0,2,1,2,5,0,9,7,5,0,2,2,14,0,0.0,0,7,1,0,4,0,9.0,0.0,9.0,19.0,12.0,1,4,5
1,3,2,1,2,1,4,1,0,1,3,0,172,13,2,0,2,2,5,0,0.0,0,8,1,0,10,0,1.0,0.0,11.0,16.0,15.0,0,0,0
2,5,7,2,6,1,7,6,0,2,3,6,109,21,1,3,0,0,11,1,1.0,0,4,1,0,8,0,4.0,0.0,22.0,6.0,4.0,0,1,0
5,5,4,4,4,1,12,0,1,2,3,0,617,9,2,0,4,4,19,0,0.0,0,9,1,0,6,0,17.0,0.0,6.0,27.0,16.0,0,0,0
1,3,4,1,3,1,13,6,0,2,6,0,104,23,4,0,0,0,21,0,0.0,0,5,0,0,10,0,6.0,0.0,25.0,18.0,13.0,0,0,0
3,5,3,2,2,3,3,0,1,0,3,0,107,30,5,0,3,3,21,0,0.0,0,3,0,0,11,0,10.0,0.0,10.0,29.0,15.0,5,4,2
2,3,0,2,0,0,10,10,0,0,5,2,388,3,5,1,3,4,10,0,0.0,0,2,0,0,3,0,2.0,0.0,6.0,10.0,3.0,3,2,3
2,3,3,2,1,1,11,10,1,0,3,0,194,38,3,1,2,3,10,0,0.0,0,4,1,0,11,0,6.0,0.0,3.0,12.0,5.0,2,2,3
7,5,5,7,5,1,0,2,1,2,4,4,162,2,3,0,1,2,11,0,0.0,1,7,1,0,4,0,5.0,0.0,9.0,11.0,5.0,0,0,0
1,3,1,1,0,3,0,8,0,0,2,2,194,38,3,0,3,2,15,0,0.0,0,2,1,0,9,0,5.0,0.0,6.0,9.0,5.0,3,1,0
3,5,1,2,2,3,8,7,0,0,3,0,247,32,1,0,0,1,10,1,1.0,0,2,0,0,10,0,4.0,0.0,7.0,6.0,5.0,0,0,0
1,3,0,2,0,1,10,10,0,0,3,4,164,20,2,0,3,4,15,0,0.0,0,3,1,0,9,2,5.0,0.0,7.0,35.0,16.0,1,3,4
1,3,2,0,1,3,7,6,0,1,6,2,253,21,2,0,4,4,9,0,0.0,0,4,0,0,6,0,4.0,0.0,7.0,7.0,4.0,0,0,0
1,3,2,1,1,5,4,10,1,2,4,0,191,5,4,0,2,2,5,0,0.0,0,6,0,0,6,0,3.0,0.0,5.0,8.0,7.0,3,1,1
1,3,0,0,0,3,2,9,0,0,4,0,4,3,3,0,4,3,18,0,0.0,0,4,0,0,8,0,7.0,0.0,24.0,12.0,9.0,1,1,0
2,3,2,2,2,3,7,3,0,1,4,9,160,4,5,0,4,4,12,0,0.0,0,8,0,0,6,0,9.0,0.0,0.0,15.0,7.0,2,0,0
0,3,0,0,0,1,9,10,0,1,4,4,455,13,2,0,4,4,21,0,0.0,0,6,0,0,4,0,11.0,0.0,20.0,16.0,12.0,3,1,0
0,3,1,0,2,3,5,10,0,2,4,0,367,45,5,2,1,2,14,0,0.0,0,5,0,0,6,0,6.0,0.0,7.0,21.0,10.0,3,0,0
1,5,5,1,3,4,9,10,1,2,6,9,282,7,3,1,0,0,7,0,0.0,0,2,0,0,5,0,4.0,0.0,6.0,9.0,5.0,0,0,0
0,3,0,1,0,1,13,10,2,1,6,0,840,22,1,0,2,3,3,0,0.0,0,1,0,0,6,0,2.0,0.0,3.0,5.0,2.0,0,1,2
2,3,3,3,2,2,5,10,0,1,2,2,722,3,1,0,0,0,10,0,0.0,0,5,1,0,6,0,5.0,0.0,6.0,9.0,5.0,1,1,1
4,5,5,6,4,3,11,2,0,1,5,0,153,11,5,0,3,2,10,0,0.0,0,8,0,1,9,0,7.0,0.0,3.0,8.0,6.0,0,0,0
5,3,4,7,3,3,10,4,0,0,5,0,477,7,3,1,2,2,6,0,0.0,0,9,0,0,5,0,2.0,0.0,5.0,4.0,4.0,0,6,2
1,3,1,1,1,1,10,1,0,1,4,8,411,11,2,0,1,1,13,2,2.0,0,0,0,0,2,0,1.0,0.0,29.0,27.0,15.0,0,0,0
6,3,5,9,4,4,9,9,0,2,4,0,832,24,4,1,4,4,11,0,0.0,0,7,0,0,12,0,2.0,0.0,40.0,7.0,6.0,0,0,0
2,3,1,3,1,1,1,10,0,1,5,4,49,12,2,0,0,1,10,1,1.0,0,4,0,0,8,0,5.0,0.0,4.0,11.0,4.0,0,0,0
2,3,0,2,0,5,11,7,0,2,3,0,46,27,3,5,1,1,10,0,0.0,0,5,0,0,6,0,5.0,0.0,10.0,13.0,5.0,1,2,1
1,3,0,1,0,0,4,5,0,0,4,2,539,42,0,0,2,3,9,0,0.0,0,1,0,0,2,0,6.0,0.0,1.0,14.0,6.0,3,2,3
4,3,0,5,0,5,3,3,0,2,2,0,221,8,1,0,2,3,9,0,0.0,0,2,0,0,11,5,4.0,0.0,6.0,9.0,8.0,0,0,0
0,3,4,0,3,3,11,0,1,0,3,5,64,14,2,0,3,4,5,0,0.0,0,2,0,0,12,0,1.0,0.0,3.0,2.0,2.0,3,1,0
2,3,1,3,1,0,8,10,0,0,4,2,17,13,0,0,1,3,7,0,0.0,0,2,0,0,4,0,5.0,0.0,0.0,17.0,14.0,3,2,1
1,3,2,2,2,1,0,2,1,1,4,10,317,36,3,0,2,2,10,1,1.0,0,7,0,0,9,0,5.0,0.0,3.0,9.0,6.0,0,0,0
1,3,2,1,1,3,0,10,2,1,6,8,29,19,2,1,3,4,8,0,0.0,0,1,1,0,4,0,5.0,0.0,2.0,11.0,4.0,3,0,0
1,3,1,1,1,3,5,10,1,1,5,5,51,13,1,0,0,0,10,0,0.0,0,1,0,0,3,0,4.0,0.0,7.0,17.0,4.0,0,0,0
1,3,3,1,4,2,0,3,1,1,4,4,127,13,2,1,0,1,7,0,0.0,0,4,0,0,6,0,3.0,0.0,3.0,9.0,5.0,2,0,0
1,3,2,1,2,1,10,2,0,0,4,2,293,0,3,0,3,4,10,0,0.0,0,7,0,0,12,0,5.0,0.0,20.0,9.0,2.0,3,0,0
5,5,2,3,1,5,8,7,2,2,1,5,142,0,2,0,1,2,6,0,0.0,0,5,1,0,8,0,5.0,0.0,6.0,9.0,5.0,0,4,5
2,3,3,2,2,1,11,10,1,2,3,0,143,8,1,0,2,2,5,0,0.0,0,6,0,0,1,0,4.0,0.0,10.0,14.0,11.0,0,0,0
0,3,4,1,3,3,10,6,0,1,6,9,495,14,2,0,4,3,9,0,0.0,0,3,0,0,7,0,4.0,0.0,10.0,11.0,4.0,0,0,0
1,3,1,2,1,2,3,10,0,1,4,5,20,15,0,0,1,2,10,0,0.0,1,6,0,0,8,0,6.0,0.0,4.0,8.0,4.0,2,1,2
7,5,5,6,4,1,10,8,0,2,3,3,301,21,5,1,4,3,16,0,0.0,0,4,0,0,2,0,8.0,0.0,21.0,13.0,6.0,0,0,0
2,3,2,2,2,3,2,10,1,0,2,4,120,21,2,0,2,3,10,0,0.0,0,4,1,0,10,2,6.0,0.0,9.0,17.0,9.0,3,3,0
7,5,4,6,4,3,11,5,2,1,3,0,304,8,3,0,4,4,8,0,0.0,0,6,1,0,8,0,5.0,0.0,4.0,11.0,7.0,0,0,0
4,3,0,6,0,3,11,10,0,1,4,4,113,22,1,0,2,1,15,0,0.0,1,7,0,0,7,0,11.0,0.0,6.0,19.0,9.0,2,7,8
2,3,2,3,2,3,0,0,2,1,6,0,25,13,0,2,3,4,5,0,0.0,0,0,1,0,7,0,1.0,0.0,2.0,6.0,5.0,0,0,0
2,3,0,2,0,3,0,5,0,0,3,4,232,13,4,0,2,3,9,0,0.0,0,2,0,0,8,0,4.0,0.0,9.0,14.0,9.0,0,0,0
3,5,2,2,2,3,0,5,1,0,4,4,51,13,1,0,1,2,8,0,0.0,0,3,0,0,10,0,7.0,0.0,1.0,17.0,15.0,0,0,0
6,5,3,6,2,3,10,1,2,1,6,2,107,30,0,2,2,1,8,0,0.0,0,0,0,0,11,0,2.0,0.0,10.0,14.0,4.0,2,6,0
6,3,4,9,3,0,6,5,0,2,3,6,41,25,0,0,3,3,5,0,0.0,0,0,1,0,12,0,1.0,0.0,6.0,5.0,1.0,3,8,0
1,3,2,1,2,3,10,7,2,1,4,0,397,35,3,1,3,4,10,1,0.0,0,6,1,0,9,0,6.0,0.0,6.0,26.0,14.0,3,0,0
0,3,2,0,1,3,7,0,0,0,3,4,196,14,3,2,1,2,7,0,0.0,0,1,0,0,2,0,2.0,0.0,8.0,15.0,8.0,0,0,0
4,5,6,4,5,3,3,3,1,1,5,1,116,14,6,0,2,2,9,0,0.0,0,7,0,0,12,0,5.0,0.0,18.0,7.0,3.0,0,0,0
3,5,3,2,2,2,4,2,0,0,5,4,641,13,4,0,2,2,14,0,0.0,0,3,0,0,10,0,3.0,0.0,15.0,18.0,12.0,0,0,0
1,3,3,2,2,3,11,1,1,0,3,0,4,3,1,0,1,1,9,1,1.0,0,7,0,0,6,0,7.0,0.0,5.0,13.0,9.0,3,1,1
5,5,4,5,3,3,3,4,1,1,4,0,524,20,3,0,4,4,10,0,0.0,0,2,0,0,1,0,4.0,0.0,6.0,14.0,6.0,0,0,0
5,3,3,5,2,3,0,10,0,2,4,0,304,8,2,0,0,0,18,0,0.0,0,8,1,0,11,0,15.0,0.0,1.0,25.0,21.0,3,2,1
3,3,0,3,0,3,5,10,1,0,3,4,500,27,2,0,3,5,7,0,0.0,0,6,1,0,7,0,3.0,0.0,3.0,8.0,5.0,3,2,2
2,3,2,2,1,3,12,5,1,1,3,4,195,38,1,0,4,3,6,0,0.0,0,7,0,0,6,0,5.0,0.0,2.0,9.0,5.0,0,0,0
2,3,3,3,2,3,0,7,2,0,5,0,342,21,4,1,0,0,11,1,1.0,0,4,0,0,4,0,5.0,0.0,4.0,11.0,8.0,0,1,0
6,5,3,6,3,5,12,10,0,2,4,4,259,19,5,0,3,3,11,0,0.0,0,8,1,0,6,0,5.0,0.0,7.0,13.0,7.0,0,0,0
4,3,0,4,0,3,11,2,1,0,4,4,177,26,1,0,0,0,7,0,0.0,0,5,0,0,8,0,4.0,0.0,3.0,7.0,5.0,3,3,4
3,5,2,2,2,1,4,10,0,2,4,0,233,19,3,0,4,5,15,0,0.0,1,4,0,0,8,0,7.0,0.0,10.0,14.0,5.0,4,2,3
1,3,3,1,3,2,5,0,1,0,1,12,41,25,3,0,1,2,11,0,0.0,0,8,1,0,8,0,5.0,0.0,6.0,9.0,5.0,0,0,0
1,3,2,2,1,0,0,5,0,0,3,4,658,10,2,0,4,5,17,1,1.0,0,6,1,0,5,0,6.0,0.0,18.0,12.0,8.0,3,3,0
2,3,2,2,1,3,2,0,1,0,5,0,579,20,4,0,3,2,8,0,0.0,0,2,0,0,11,0,3.0,0.0,14.0,13.0,4.0,3,0,0
4,5,3,3,2,3,0,10,2,2,2,0,131,6,1,0,2,2,10,0,0.0,0,5,1,0,3,0,5.0,0.0,6.0,9.0,5.0,0,0,0
2,3,2,2,1,3,0,2,0,2,2,0,793,33,3,1,4,4,15,1,0.0,0,2,1,0,12,4,7.0,0.0,22.0,23.0,16.0,0,0,0
3,3,0,5,0,2,0,6,0,0,3,0,220,20,2,0,2,3,13,0,0.0,0,4,1,0,10,0,5.0,0.0,3.0,16.0,9.0,3,3,4
5,5,1,3,1,2,1,10,0,2,3,3,290,18,0,0,4,5,8,0,0.0,0,1,1,0,9,0,2.0,0.0,3.0,11.0,6.0,0,0,0
3,5,4,2,3,3,7,10,0,2,3,0,399,37,3,0,3,3,16,1,1.0,0,4,1,0,12,0,9.0,0.0,6.0,31.0,14.0,0,2,0
3,3,2,4,1,1,4,10,0,2,3,0,355,18,1,0,1,1,6,0,0.0,0,3,1,0,1,2,2.0,0.0,7.0,12.0,9.0,3,1,1
2,5,5,2,4,3,8,0,0,1,3,0,330,21,3,0,3,3,13,0,0.0,0,9,1,0,8,0,5.0,0.0,9.0,6.0,2.0,0,0,0
2,3,2,2,2,4,1,10,2,2,4,4,51,13,3,0,4,4,7,0,0.0,0,6,1,0,6,0,7.0,0.0,1.0,8.0,7.0,0,0,0
3,3,1,4,1,1,4,10,0,1,3,4,57,9,2,0,1,1,8,0,0.0,0,7,0,0,4,0,5.0,0.0,3.0,9.0,6.0,0,0,0
4,5,4,3,3,2,3,10,0,2,3,0,89,3,3,0,1,1,16,0,0.0,0,4,0,0,8,0,5.0,0.0,9.0,17.0,7.0,0,0,0
1,3,1,1,1,1,10,0,0,0,5,0,514,13,1,0,0,1,9,0,0.0,0,3,0,0,10,0,6.0,0.0,4.0,9.0,8.0,1,1,0
1,3,1,1,1,5,0,10,0,0,5,0,283,44,4,0,2,2,15,0,0.0,1,5,0,0,10,0,9.0,0.0,10.0,16.0,7.0,3,2,0
0,3,1,0,2,0,2,1,0,0,3,0,195,38,5,0,1,1,7,0,0.0,0,7,1,0,7,0,4.0,0.0,5.0,14.0,7.0,0,0,0
5,3,1,6,0,0,4,2,1,1,3,4,171,8,2,0,3,5,8,0,0.0,0,5,0,0,9,0,3.0,0.0,4.0,9.0,4.0,0,0,0
1,5,3,1,2,3,10,0,1,1,4,0,265,7,1,0,0,1,11,0,0.0,0,5,1,0,10,0,6.0,0.0,9.0,10.0,6.0,0,0,0
0,3,0,1,0,2,3,10,1,1,5,4,54,28,2,0,4,4,6,1,1.0,0,2,0,0,9,0,3.0,0.0,5.0,13.0,6.0,3,0,0
4,5,0,2,0,1,4,10,0,0,4,4,291,23,1,0,5,6,5,0,0.0,0,3,0,0,12,0,3.0,0.0,2.0,7.0,5.0,1,2,3
0,3,0,0,0,3,0,1,2,0,6,4,387,19,1,0,2,3,23,1,1.0,0,0,0,0,8,0,5.0,0.0,4.0,37.0,16.0,0,0,0
1,3,3,2,3,1,4,10,1,0,4,0,143,8,1,0,0,1,3,0,0.0,0,5,1,0,8,0,2.0,0.0,1.0,9.0,4.0,0,0,0
1,3,1,2,1,5,10,10,1,1,3,0,143,8,1,0,2,2,7,0,0.0,0,6,1,0,3,0,4.0,0.0,1.0,11.0,9.0,3,0,0
3,3,3,3,2,3,8,3,0,2,5,5,727,43,2,0,2,1,11,1,1.0,0,3,0,0,5,0,2.0,0.0,9.0,9.0,2.0,0,0,0
2,3,5,3,3,1,2,10,1,1,5,0,108,21,6,0,4,5,24,0,0.0,1,4,1,0,6,0,12.0,0.0,5.0,35.0,17.0,0,0,0
3,3,4,4,3,1,6,4,1,2,5,4,193,13,5,0,1,1,22,1,0.0,0,4,1,0,9,0,13.0,0.0,2.0,28.0,8.0,0,0,0
7,5,2,5,2,4,7,3,1,2,3,0,480,8,3,0,4,5,13,0,0.0,0,5,0,0,12,0,5.0,0.0,12.0,11.0,7.0,0,0,0
1,3,3,1,2,2,0,1,1,1,4,0,116,14,2,0,0,1,10,2,0.0,0,5,1,0,5,0,5.0,0.0,14.0,13.0,8.0,3,0,0
2,5,2,2,2,1,9,10,0,1,5,0,404,22,1,0,1,1,23,1,1.0,0,2,0,0,2,0,2.0,0.0,26.0,13.0,7.0,0,0,0
2,5,3,1,3,0,10,4,1,2,4,0,255,9,3,0,0,1,5,1,1.0,0,3,1,0,2,0,3.0,0.0,8.0,21.0,15.0,2,2,0
5,5,0,3,0,5,10,5,0,0,6,0,690,2,3,0,3,2,21,0,0.0,1,4,0,1,2,0,9.0,0.0,21.0,29.0,10.0,4,4,0
4,5,1,3,0,3,10,10,2,2,2,0,41,25,2,0,1,2,7,0,0.0,0,6,0,0,11,0,2.0,0.0,8.0,9.0,8.0,5,3,1
7,5,4,6,4,1,7,10,2,2,5,4,292,17,2,0,0,0,13,0,0.0,1,7,0,0,7,0,13.0,0.0,7.0,17.0,6.0,0,0,0
0,3,1,0,1,3,6,7,0,2,6,1,616,0,0,0,4,4,3,0,0.0,0,2,0,1,5,0,2.0,0.0,0.0,3.0,3.0,3,0,0
1,3,1,2,1,3,1,10,0,1,4,0,111,8,3,0,1,1,15,0,0.0,0,3,1,0,3,0,5.0,0.0,8.0,16.0,7.0,0,0,0
3,3,4,3,3,3,9,4,1,2,2,0,52,19,3,0,1,1,8,0,0.0,0,5,1,0,10,0,5.0,0.0,3.0,7.0,3.0,1,1,1
2,3,1,2,1,3,7,10,0,1,3,0,160,4,2,0,3,2,7,0,0.0,0,6,1,0,8,0,5.0,0.0,3.0,10.0,2.0,3,2,2
2,5,3,2,2,3,4,10,0,0,5,0,260,21,2,7,1,2,10,0,0.0,0,5,0,0,4,0,4.0,0.0,16.0,20.0,6.0,0,0,0
4,5,4,3,3,3,2,10,0,2,3,0,773,0,3,0,0,0,15,0,0.0,0,5,0,0,11,0,6.0,0.0,9.0,19.0,11.0,0,0,0
2,3,2,2,2,3,6,10,0,2,5,0,153,11,6,0,1,2,17,0,0.0,0,4,0,0,12,0,12.0,0.0,3.0,16.0,12.0,1,2,1
2,3,1,2,1,2,11,4,1,2,4,0,81,15,4,0,4,5,9,0,0.0,0,7,1,0,8,0,3.0,0.0,11.0,5.0,4.0,1,0,0
0,3,2,0,2,3,10,9,0,2,4,9,2,2,3,0,1,1,11,0,0.0,0,9,1,0,4,0,7.0,0.0,5.0,9.0,4.0,3,0,0
2,3,1,3,0,3,9,10,1,2,4,0,31,2,0,0,2,2,4,3,0.0,0,8,1,0,9,0,1.0,0.0,2.0,4.0,4.0,1,1,1
0,3,2,0,2,3,12,10,1,2,4,0,135,33,1,0,1,1,4,1,1.0,0,5,0,0,6,0,2.0,0.0,1.0,7.0,5.0,2,0,0
2,3,3,2,2,3,6,2,1,2,2,4,127,13,3,0,2,2,13,0,0.0,0,6,1,0,6,0,11.0,0.0,1.0,16.0,12.0,2,0,0
4,3,0,4,0,0,0,10,2,1,5,0,152,14,2,0,2,3,13,0,0.0,0,1,0,0,2,0,4.0,0.0,4.0,13.0,11.0,3,4,0
1,3,2,1,2,1,6,10,0,1,4,0,171,8,2,0,0,0,14,0,0.0,0,6,0,0,3,0,7.0,0.0,21.0,19.0,11.0,0,0,0
5,5,3,3,2,1,4,0,0,2,5,0,368,3,3,0,5,4,14,0,0.0,0,4,0,0,9,0,2.0,0.0,20.0,35.0,17.0,0,0,0
2,3,1,2,1,3,10,1,1,0,5,4,325,30,5,0,3,3,7,0,0.0,0,6,0,0,6,0,4.0,0.0,2.0,5.0,4.0,3,3,0
0,3,2,1,2,3,8,1,1,1,4,0,893,49,1,3,2,2,17,1,1.0,0,5,0,0,9,0,3.0,0.0,19.0,6.0,3.0,0,0,0
3,3,0,4,1,0,2,10,0,0,5,3,108,21,4,0,0,1,36,0,0.0,0,2,0,0,7,0,22.0,0.0,6.0,44.0,21.0,1,4,2
4,5,5,4,4,1,2,3,2,2,2,0,196,14,2,0,1,2,12,0,0.0,0,7,0,0,7,2,7.0,0.0,4.0,18.0,12.0,0,1,0
1,3,4,2,3,1,0,10,1,2,3,4,284,13,2,0,1,2,16,0,0.0,0,5,0,0,6,0,11.0,0.0,9.0,15.0,9.0,0,2,0
3,3,2,3,2,3,9,10,0,0,4,0,72,10,2,0,0,1,18,0,0.0,0,5,0,0,7,0,7.0,0.0,14.0,11.0,6.0,3,1,1
1,3,3,1,3,3,0,10,1,1,3,0,111,8,4,0,2,3,9,0,0.0,0,6,0,0,8,0,4.0,0.0,3.0,16.0,7.0,2,0,0
2,3,1,3,1,1,3,10,0,1,5,0,141,13,2,1,1,1,10,0,0.0,0,6,0,0,1,0,6.0,0.0,13.0,11.0,6.0,0,0,0
7,3,2,7,2,3,12,10,2,1,5,4,549,8,1,0,2,2,12,1,1.0,0,3,1,0,7,0,8.0,0.0,3.0,18.0,8.0,3,0,0
6,5,1,4,1,1,0,5,1,1,4,0,41,25,2,0,1,1,19,0,0.0,0,2,0,0,5,0,9.0,0.0,33.0,17.0,14.0,1,4,3
2,3,1,2,1,3,9,3,1,0,3,4,38,21,1,0,0,0,11,0,0.0,0,3,0,0,9,0,3.0,0.0,5.0,13.0,7.0,0,0,0
6,3,3,9,3,1,2,10,0,1,4,0,143,8,4,0,4,5,24,1,1.0,3,4,0,0,1,0,15.0,0.0,2.0,27.0,15.0,0,0,0
